-- phpMyAdmin SQL Dump
-- version 4.1.12
-- http://www.phpmyadmin.net
--
-- Host: localhost
-- Generation Time: Sep 10, 2014 at 12:53 AM
-- Server version: 5.6.16
-- PHP Version: 5.5.11

SET SQL_MODE = "NO_AUTO_VALUE_ON_ZERO";
SET time_zone = "+00:00";


/*!40101 SET @OLD_CHARACTER_SET_CLIENT=@@CHARACTER_SET_CLIENT */;
/*!40101 SET @OLD_CHARACTER_SET_RESULTS=@@CHARACTER_SET_RESULTS */;
/*!40101 SET @OLD_COLLATION_CONNECTION=@@COLLATION_CONNECTION */;
/*!40101 SET NAMES utf8 */;

--
-- Database: `mhealth-ashesi`
--

-- --------------------------------------------------------

--
-- Table structure for table `android_metadata`
--

CREATE TABLE IF NOT EXISTS `android_metadata` (
  `locale` text
) ENGINE=MyISAM DEFAULT CHARSET=latin1;

--
-- Dumping data for table `android_metadata`
--

INSERT INTO `android_metadata` (`locale`) VALUES
('en_GB');

-- --------------------------------------------------------

--
-- Table structure for table `answers`
--

CREATE TABLE IF NOT EXISTS `answers` (
  `answer_id` int(11) NOT NULL AUTO_INCREMENT,
  `answer` text,
  `user_id` int(11) DEFAULT NULL,
  `question_id` varchar(36) DEFAULT NULL,
  `answer_date` datetime DEFAULT NULL,
  PRIMARY KEY (`answer_id`),
  UNIQUE KEY `question_id` (`question_id`),
  KEY `user_id` (`user_id`)
) ENGINE=MyISAM DEFAULT CHARSET=latin1 AUTO_INCREMENT=1 ;

-- --------------------------------------------------------

--
-- Table structure for table `chos`
--

CREATE TABLE IF NOT EXISTS `chos` (
  `cho_id` int(11) NOT NULL,
  `cho_name` text,
  `subdistrict_id` int(11) DEFAULT NULL,
  `password` varchar(32) NOT NULL,
  `username` varchar(30) NOT NULL,
  `supervisor_id` int(11) NOT NULL COMMENT 'this refers to another cho_id',
  `userlevel` int(11) NOT NULL,
  PRIMARY KEY (`cho_id`)
) ENGINE=MyISAM DEFAULT CHARSET=latin1;

--
-- Dumping data for table `chos`
--

INSERT INTO `chos` (`cho_id`, `cho_name`, `subdistrict_id`, `password`, `username`, `supervisor_id`, `userlevel`) VALUES
(1, 'Eric', NULL, '29988429c481f219b8c5ba8c071440e1', 'eric', 0, 2),
(2, 'Salome', 2, 'd71a104f87c82c79b6001afbf74c3e88', 'salome', 0, 2),
(3, 'Peace', 2, '', '', 0, 0),
(4, 'Theresa', 2, '', '', 0, 0),
(5, 'Sandra', 2, '', '', 0, 0);

-- --------------------------------------------------------

--
-- Table structure for table `communities`
--

CREATE TABLE IF NOT EXISTS `communities` (
  `community_id` int(11) NOT NULL AUTO_INCREMENT,
  `community_name` text,
  `subdistrict_id` int(11) DEFAULT NULL,
  `latitude` text,
  `longitude` text,
  `population` int(11) DEFAULT NULL,
  `household` int(11) DEFAULT NULL,
  PRIMARY KEY (`community_id`)
) ENGINE=MyISAM  DEFAULT CHARSET=latin1 AUTO_INCREMENT=163 ;

--
-- Dumping data for table `communities`
--

INSERT INTO `communities` (`community_id`, `community_name`, `subdistrict_id`, `latitude`, `longitude`, `population`, `household`) VALUES
(1, 'Yaw Duodu', 2, '-0.216', '5.868', 0, 0),
(3, 'Adu Kro', 2, '-0.201', '5.821', 0, 0),
(4, 'Kwayisikrom', 2, '-0.203', '5.878', 0, 0),
(5, 'Okata Akro', 2, '-0.201', '5.881', 0, 0),
(6, 'Okonfor Akro', 2, '-0.190', '5.931', 0, 0),
(7, 'Aburi-Amanfo', 2, '-0.201', '5.852', 0, 0),
(8, 'Apantem', 2, '-0.201', '5.852', 0, 0),
(9, 'Kofi Larbi', 2, '-0.201', '5.852', 0, 0),
(10, 'Kobiso', 2, '-0.201', '5.852', 0, 0),
(11, 'Opare Kwasi', 2, '-0.201', '5.852', 0, 0),
(12, 'Baa Yaw', 2, '-0.201', '5.852', 0, 0),
(13, 'Obuobi Krom', 2, '-0.201', '5.852', 0, 0),
(14, 'Amanfum Krom', 2, '-0.201', '5.852', 0, 0),
(15, 'Berekoso', 1, '0', '0', 0, 0),
(16, 'Living Water', 1, '0', '0', 0, 0),
(17, 'Ajim', 1, '0', '0', 0, 0),
(18, 'Agyemanti', 1, '0', '0', 0, 0),
(19, 'Ashaibi', 1, '0', '0', 0, 0),
(20, 'Oboadaka', 3, '0', '0', 0, 0),
(21, 'Mfiribim', 3, '0', '0', 0, 0),
(22, 'Kwamekrom', 3, '0', '0', 0, 0),
(23, 'Pepawani', 3, '0', '0', 0, 0),
(24, 'Takyikrom', 3, '0', '0', 0, 0),
(25, 'Bisiaese Amanro', 3, '0', '0', 0, 0),
(26, 'Maria', 3, '0', '0', 0, 0),
(27, 'Agyanoa', 3, '0', '0', 0, 0),
(28, 'Kwame Ntow', 3, '0', '0', 0, 0),
(29, 'Asuwotse', 3, '0', '0', 0, 0),
(30, 'Ottopayaw', 3, '0', '0', 0, 0),
(31, 'Awoyekrom', 3, '0', '0', 0, 0),
(38, 'Adamorobe', 5, '-0.143077', '5.830045', 0, 0),
(37, 'Nkumkrom', 6, '-0.229061', '5.826632', 0, 0),
(32, 'Nsakye', 4, '5', '2', 0, 0),
(33, 'Otiakrom', 4, '5', '2', 0, 0),
(34, 'Kwadjokrom', 4, '5', '2', 0, 0),
(35, 'Homedakrom', 4, '5', '2', 0, 0),
(36, 'Dumpong', 6, '-0.229061', '5.826632', 0, 0),
(39, 'Goneten', 5, '-0.143077', '5.830045', 0, 0),
(40, 'Kotei', 4, '0', '0', 0, 0),
(41, 'Onyaase', 7, '-0.229061', '5.826632', 0, 0),
(42, 'Katase', 7, '-0.229061', '5.826632', 0, 0),
(43, 'Peduase Lodge', 7, '-0.229061', '5.826632', 0, 0),
(44, 'AmoaKorm', 7, '-0.229061', '5.826632', 0, 0),
(45, 'Obomria', 7, '-0.229061', '5.826632', 0, 0),
(46, 'Attaa Quashie', 7, '-0.229061', '5.826632', 0, 0),
(47, 'Mpakadan(Kokobeng)', 6, '0', '0', 0, 0),
(48, 'Ahwerase', 8, '-0.229061', '5.826632', 0, 0),
(49, 'Jamaicaso', 8, '-0.229061', '5.826632', 0, 0),
(50, 'Ekurubi', 8, '-0.229061', '5.826632', 0, 0),
(51, 'Zongo', 10, '-0.229061', '5.826632', 0, 0),
(52, 'Piem', 10, '-0.229061', '5.826632', 0, 0),
(53, 'Adjenase', 10, '-0.229061', '5.826632', 0, 0),
(54, 'Obosono', 12, '-0.229061', '5.826632', 0, 0),
(55, 'Ankwensu', 12, '-0.229061', '5.826632', 0, 0),
(56, '', 0, '-0.229061', '5.826632', 0, 0),
(57, 'Pakro', 11, '-0.229061', '5.826632', 0, 0),
(58, 'Tabankuro', 11, '-0.229061', '5.826632', 0, 0),
(59, 'Nsuablaso', 11, '-0.229061', '5.826632', 0, 0),
(60, 'Achubunyor ', 13, '-1.824122', '9.094241', 980, 0),
(61, 'Susong Kura ', 13, '-1.824122', '9.094241', 421, 0),
(62, 'Yilpekura ', 13, '-1.824122', '9.094241', 356, 0),
(63, 'Tosiba ', 13, '-1.824122', '9.094241', 92, 0),
(64, 'Soalepe ', 13, '-1.824122', '9.094241', 452, 0),
(65, 'Bonyanto ', 13, '-1.824122', '9.094241', 393, 0),
(66, 'Sorito ', 13, '-1.824122', '9.094241', 64, 0),
(67, 'Mempeasem ', 14, '-1.824122', '9.094241', 562, 0),
(68, 'Jonokponto ', 14, '-1.824122', '9.094241', 369, 0),
(69, 'Sumpini', 15, '-1.824122', '9.094241', 431, 0),
(70, 'Bidima', 15, '-1.824122', '9.094241', 589, 0),
(71, 'Langatre', 15, '-1.824122', '9.094241', 657, 0),
(72, 'Lorto', 15, '-1.824122', '9.094241', 131, 0),
(73, 'Kojokura', 15, '-1.824122', '9.094241', 545, 0),
(74, 'Abukarikura', 15, '-1.824122', '9.094241', 90, 0),
(75, 'Zangikura', 15, '-1.824122', '9.094241', 41, 0),
(76, 'kededelimpa', 15, '-1.824122', '9.094241', 1120, 0),
(77, 'Busunu', 15, '-1.824122', '9.094241', 693, 0),
(78, 'Kawankura', 15, '-1.824122', '9.094241', 410, 0),
(79, 'Tailorpe', 15, '-1.824122', '9.094241', 868, 0),
(80, 'Abukaripe', 15, '-1.824122', '9.094241', 90, 0),
(81, 'Adeyipe', 15, '-1.824122', '9.094241', 1262, 0),
(82, 'Kpalawusope', 15, '-1.824122', '9.094241', 466, 0),
(83, 'Tamdawurape', 15, '-1.824122', '9.094241', 111, 0),
(84, 'Afolikade', 20, '-1.824122', '9.094241', 486, 0),
(85, 'Amadu kura', 20, '-1.824122', '9.094241', 115, 0),
(86, 'Bunga', 20, '-1.824122', '9.094241', 542, 0),
(87, 'Domatu kura ', 20, '-1.824122', '9.094241', 438, 0),
(88, 'Frafra Settlement', 20, '-1.824122', '9.094241', 496, 0),
(89, 'Kamacheli kura', 20, '-1.824122', '9.094241', 115, 0),
(90, 'Kanyite wale', 20, '-1.824122', '9.094241', 114, 0),
(91, 'Kojo kura', 20, '-1.824122', '9.094241', 325, 0),
(92, 'Kwaya', 20, '-1.824122', '9.094241', 147, 0),
(93, 'Mozor kura', 20, '-1.824122', '9.094241', 374, 0),
(94, 'Ndamposo', 20, '-1.824122', '9.094241', 336, 0),
(95, 'Poposo', 20, '-1.824122', '9.094241', 192, 0),
(96, 'Solder kura', 20, '-1.824122', '9.094241', 395, 0),
(97, 'Sori 2.', 20, '-1.824122', '9.094241', 313, 0),
(98, 'Sori 3', 20, '-1.824122', '9.094241', 433, 0),
(99, 'Wala kura 1.', 20, '-1.824122', '9.094241', 651, 0),
(100, 'Wala kura 2.', 20, '-1.824122', '9.094241', 222, 0),
(101, 'Yipala', 17, '-1.824122', '9.094241', 779, 0),
(102, 'Brotto', 17, '-1.824122', '9.094241', 462, 0),
(103, 'Bungalow', 17, '-1.824122', '9.094241', 148, 0),
(104, 'Janfaru', 17, '-1.824122', '9.094241', 102, 0),
(105, 'Nabori', 17, '-1.824122', '9.094241', 1872, 0),
(106, 'Dakpalakura', 17, '-1.824122', '9.094241', 295, 0),
(107, 'DASS', 19, '-1.824122', '9.094241', 1464, 0),
(108, 'Achulokura ', 19, '-1.824122', '9.094241', 436, 0),
(109, 'Yabgonkura', 19, '-1.824122', '9.094241', 781, 0),
(110, 'Banyekura', 19, '-1.824122', '9.094241', 614, 0),
(111, 'Bomboto', 19, '-1.824122', '9.094241', 90, 0),
(112, 'Kichitokura', 19, '-1.824122', '9.094241', 564, 0),
(113, 'Alhassankura', 19, '-1.824122', '9.094241', 485, 0),
(114, 'Attributo', 16, '-1.824122', '9.094241', 785, 0),
(115, 'Agrico', 16, '-1.824122', '9.094241', 241, 0),
(116, 'Bondanimakura', 16, '-1.824122', '9.094241', 351, 0),
(117, 'Kuturibigbonto', 16, '-1.824122', '9.094241', 813, 0),
(118, 'Abingakra', 16, '-1.824122', '9.094241', 777, 0),
(119, 'Pastorkura', 16, '-1.824122', '9.094241', 596, 0),
(120, 'Zongo', 18, '-1.824122', '9.094241', 637, 0),
(121, 'Upperlinjin', 18, '-1.824122', '9.094241', 569, 0),
(122, 'Sabo zongo', 18, '-1.824122', '9.094241', 457, 0),
(123, 'Hangaline', 18, '-1.824122', '9.094241', 379, 0),
(124, 'Npordon Kura', 18, '-1.824122', '9.094241', 844, 0),
(125, 'Gbarinagu Kura', 18, '-1.824122', '9.094241', 377, 0),
(126, 'Ngbaripe', 18, '-1.824122', '9.094241', 943, 0),
(127, 'Issah Kura', 18, '-1.824122', '9.094241', 431, 0),
(128, 'Langbanto', 18, '-1.824122', '9.094241', 605, 0),
(129, 'Sawurape', 18, '-1.824122', '9.094241', 734, 0),
(130, 'Limanpe 1', 18, '-1.824122', '9.094241', 668, 0),
(131, 'Limanpe 2', 18, '-1.824122', '9.094241', 662, 0),
(132, 'NDESCO', 18, '-1.824122', '9.094241', 591, 0),
(133, 'Foripua ', 24, '-1.824122', '9.094241', 1194, 0),
(134, 'Tugbini ', 24, '-1.824122', '9.094241', 464, 0),
(135, 'Zongo ', 24, '-1.824122', '9.094241', 1397, 0),
(136, 'Samoayiri ', 24, '-1.824122', '9.094241', 454, 0),
(137, 'Yirkpani ', 24, '-1.824122', '9.094241', 895, 0),
(138, 'Murugu ', 25, '-1.824122', '9.094241', 288, 0),
(139, 'Sazugu ', 25, '-1.824122', '9.094241', 430, 0),
(140, 'Mole', 25, '-1.824122', '9.094241', 568, 0),
(141, 'Mognori ', 25, '-1.824122', '9.094241', 332, 0),
(142, 'Grupe ', 22, '-1.824122', '9.094241', 311, 0),
(143, 'Seiyire ', 22, '-1.824122', '9.094241', 165, 0),
(144, 'Kabampe ', 23, '-1.824122', '9.094241', 604, 0),
(145, 'Kananto ', 23, '-1.824122', '9.094241', 587, 0),
(146, 'Canteen', 21, '-1.824122', '9.094241', 843, 0),
(147, 'Jiranzana', 21, '-1.824122', '9.094241', 589, 0),
(148, 'Congo', 21, '-1.824122', '9.094241', 181, 0),
(149, 'Bawku', 21, '-1.824122', '9.094241', 36, 0),
(150, 'Brigadeline', 21, '-1.824122', '9.094241', 389, 0),
(151, 'St Annes', 21, '-1.824122', '9.094241', 38, 0),
(152, 'Ashalikawu', 21, '-1.824122', '9.094241', 443, 0),
(153, 'Adongoyiri', 21, '-1.824122', '9.094241', 153, 0),
(154, 'Agric Settlement', 21, '-1.824122', '9.094241', 245, 0),
(155, 'Agric Extension', 21, '-1.824122', '9.094241', 91, 0),
(156, 'Frafra 1', 21, '-1.824122', '9.094241', 108, 0),
(157, 'Frafra 2', 21, '-1.824122', '9.094241', 116, 0),
(158, 'Frafra 3', 21, '-1.824122', '9.094241', 135, 0),
(159, 'Frafra 4', 21, '-1.824122', '9.094241', 121, 0),
(160, 'Frafra 5', 21, '-1.824122', '9.094241', 110, 0),
(161, 'Frafra 6', 21, '-1.824122', '9.094241', 88, 0),
(162, 'Sori 1', 21, '-1.824122', '9.094241', 350, 0);

-- --------------------------------------------------------

--
-- Table structure for table `community_members`
--

CREATE TABLE IF NOT EXISTS `community_members` (
  `community_member_id` varchar(30) NOT NULL,
  `serial_no` int(11) DEFAULT NULL,
  `community_id` int(11) DEFAULT NULL,
  `community_member_surname` varchar(30) DEFAULT NULL,
  `community_member_other_names` varchar(30) NOT NULL,
  `birthdate` date DEFAULT NULL,
  `gender` varchar(1) DEFAULT NULL,
  `card_no` varchar(30) DEFAULT NULL,
  `nhis_id` varchar(30) DEFAULT NULL,
  `nhis_expiry_date` date DEFAULT NULL,
  `rec_state` int(11) DEFAULT NULL,
  `is_birthdate_confirmed` int(11) DEFAULT '0',
  PRIMARY KEY (`community_member_id`)
) ENGINE=MyISAM DEFAULT CHARSET=latin1;

--
-- Dumping data for table `community_members`
--

INSERT INTO `community_members` (`community_member_id`, `serial_no`, `community_id`, `community_member_surname`, `community_member_other_names`, `birthdate`, `gender`, `card_no`, `nhis_id`, `nhis_expiry_date`, `rec_state`, `is_birthdate_confirmed`) VALUES
('1', 1, 24, 'obutwe Priscilla', '', '2014-01-01', 'f', '774/11', '50870890', '2014-03-31', 0, 1),
('2', 2, 15, 'Ntow Richard O.', '', '2006-09-25', 'm', '46/11', '42010218', '1900-01-01', 0, 1),
('3', 3, 28, 'Danquah Francisca', '', '2013-01-01', 'f', '1048/13', '938897889', '2014-05-05', 0, 0),
('4', 4, 20, 'Fianko Daniel o.', '', '2007-01-01', 'm', '497/11', '76914341', '2015-01-26', 0, 0),
('5', 5, 20, 'Anoff Rita', '', '1999-01-01', 'f', '207/11', '68929147', '2014-01-26', 0, 0),
('6', 6, 20, 'Okyere Francis', '', '1975-01-01', 'm', '1163/13', '92084640', '2014-01-26', 0, 0),
('7', 7, 20, 'kwakye Juana', '', '2014-02-01', 'm', '17/14', '95975257', '2014-08-21', 0, 0),
('8', 8, 30, 'Ohene Janet ', '', '1977-01-01', 'f', '386/11', '63161282', '2014-12-08', 0, 0),
('9', 9, 24, 'Yeboah Roony', '', '2012-01-01', 'm', '801/12', '83812149', '2015-08-21', 0, 1),
('10', 10, 22, 'Obeng Mary', '', '1996-01-01', 'f', '857/12', '74717289', '2014-11-11', 0, 0),
('11', 11, 25, 'Ansah Deborah', '', '1992-01-01', 'f', '19/14', '12003497', '0014-02-28', 0, 1),
('12', 12, 23, 'mabel ansah', '', '0092-05-22', 'f', '5/14', '20004532', '2014-02-25', 0, 1),
('13', 13, 28, 'Atiemo Patricia', '', '1994-01-01', 'm', '198/11', '70537416', '0014-07-09', 0, 0),
('14', 14, 28, 'Atiemo Patricia', '', '1994-01-01', 'f', '198/11', '70537416', '0014-07-09', 0, 0),
('15', 15, 24, 'Ottpah Sophia', '', '1999-01-01', 'f', '1169/13', '95719411', '2014-08-21', 0, 0),
('16', 16, 28, 'Oppong Eugene', '', '1990-01-01', 'm', '21/14', '99748612', '0014-10-30', 0, 0),
('17', 17, 22, 'Addo Lydia', '', '1997-12-02', 'f', '1135/13', '96243639', '2014-02-06', 0, 0),
('18', 18, 20, 'Mensah Abraham', '', '2010-05-12', 'm', '231/11', '71110751', '0014-09-23', 0, 0),
('19', 19, 23, 'Adjei Beyonce Amofi', '', '2010-03-15', 'm', '969/13', '77757340', '2014-02-11', 0, 1),
('20', 20, 23, 'Akuffo Kelvin ', '', '2010-10-19', 'm', '770/12', '84149643', '2014-02-15', 0, 0),
('21', 21, 20, 'Panford Margret Oforiwa', '', '2009-05-08', 'f', '20/14', '78608725', '2014-02-15', 0, 0),
('22', 22, 23, 'Asante Grace', '', '1999-08-10', 'f', '1130/13', '95809767', '2014-02-15', 0, 0),
('23', 23, 1, 'Ottpah Sophia', '', '1998-02-28', 'f', '1169/12', '95719411', '2014-02-15', 0, 0),
('24', 24, 1, 'Twum Rita A', '', '2012-01-27', 'f', '559/12', '93836358', '2014-02-15', 0, 0),
('25', 25, 20, 'Amponsah Forstina', '', '1977-04-08', 'f', '54/11', '66767785', '2014-02-15', 0, 0),
('26', 26, 28, 'Oppong Eugeng', '', '1989-04-27', 'm', '21/14', '99748612', '2014-02-15', 0, 0),
('27', 27, 30, 'Otu Isaac', '', '2004-08-07', 'm', '22/14', '76259889', '2014-02-15', 0, 0),
('28', 28, 30, 'Damson Felicia', '', '2011-04-03', 'f', '1150/13', '79280447', '2014-02-15', 0, 0),
('29', 29, 20, 'Ageibea  Elizabeth', '', '1959-07-07', 'f', '38/11', '4203392', '2014-02-15', 0, 0),
('30', 30, 29, 'Boafo Daniel Asamoah', '', '2012-04-05', 'm', '43/14', '83964421', '0014-09-07', 0, 0),
('31', 0, 18, 'Yeboah Kwaku', '', '2001-01-01', 'm', '659/09', '123459209', '2014-12-03', 0, 0),
('32', 0, 17, 'Appiah Janet', '', '2008-11-24', 'f', '709/09', '123452084', '2014-12-03', 0, 0),
('33', 0, 17, 'Appiah Abena', '', '1988-01-03', 'f', '415/13', '123453432', '2014-12-06', 0, 0),
('34', 0, 17, 'Amoh Yaa', '', '2003-01-01', 'f', '188/12', '123452628', '2014-12-06', 0, 0),
('35', 0, 16, 'Mensah Janet', '', '1998-01-01', 'f', '284/13', '123450838', '2014-12-06', 0, 0),
('36', 0, 17, 'Addo Janet', '', '2011-01-01', 'f', '409/12', '123450706', '2014-12-06', 0, 0),
('37', 0, 16, 'Ofori Kojo', '', '2011-04-01', 'm', '59/12', '123451754', '2014-12-06', 0, 0),
('38', 0, 18, 'Tetteh Kojo', '', '2012-01-01', 'm', '353/13', '123455216', '2014-12-06', 0, 0),
('39', 0, 15, 'Otu Janet', '', '1988-01-01', 'f', '479/13', '123453373', '2014-12-06', 0, 0),
('40', 0, 17, 'Lartey Yaa', '', '2011-01-01', 'f', '662/12', '123454692', '2014-12-06', 0, 0),
('41', 0, 15, 'Yeboah Akua', '', '1988-03-01', 'f', '816/13', '123453622', '2014-12-06', 0, 0),
('42', 0, 18, 'Ofori Kwabena', '', '2010-01-01', 'm', '204/13', '123450641', '2014-12-06', 0, 0),
('43', 0, 17, 'Yeboah Kwabena', '', '1999-01-01', 'm', '484/1)', '123458175', '2014-12-06', 0, 0),
('44', 0, 15, 'Appiah Kwabena', '', '2005-01-01', 'm', '178/12', '123451638', '2014-12-06', 0, 0),
('45', 0, 15, 'Amoh Yaa', '', '2002-01-01', 'f', '994/11', '123452636', '2014-12-06', 0, 0),
('46', 0, 17, 'Mensah Kwabena', '', '2012-01-01', 'm', '513/13', '123459463', '2014-12-07', 0, 0),
('47', 0, 18, 'Yeboah Kwaku', '', '2000-01-01', 'm', '171/09', '123454247', '2014-12-07', 0, 0),
('48', 0, 18, 'Appiah Kwaku', '', '2007-01-01', 'm', '655/13', '123452431', '2014-12-07', 0, 0),
('49', 0, 15, 'Amoh Kwabena', '', '2012-01-01', 'm', '159/13', '123457599', '2014-12-07', 0, 0),
('50', 0, 16, 'Yeboah Kwaku', '', '2012-01-01', 'm', '552/13', '123457373', '2014-12-07', 0, 0),
('51', 0, 15, 'Amoh Akua', '', '2012-01-01', 'f', '979/12', '123457326', '2014-12-09', 0, 0),
('52', 0, 15, 'Adu Kwaku', '', '2007-01-01', 'm', '681/13', '123457051', '2014-12-09', 0, 0),
('53', 0, 16, 'Yeboah Kwaku', '', '1993-01-01', 'm', '682/13', '123458461', '2014-12-09', 0, 0),
('54', 0, 17, 'Mensah Yaa', '', '1989-01-01', 'f', '322/13', '123459369', '2014-12-09', 0, 0),
('55', 0, 17, 'Appiah Kojo', '', '2013-01-01', 'm', '475/13', '123450882', '2014-12-09', 0, 0),
('56', 0, 17, 'Mensah Akua', '', '1980-01-01', 'f', '723/12', '123452767', '2014-12-09', 0, 0),
('57', 0, 17, 'Otu Kwaku', '', '1992-01-01', 'm', '742/10', '123459979', '2014-12-11', 0, 0),
('58', 0, 17, 'Amoh Janet', '', '2009-01-01', 'f', '606/11', '123451405', '2014-12-12', 0, 0),
('59', 0, 18, 'Adu Kwaku', '', '2005-01-01', 'm', '145/08', '123455233', '2014-12-12', 0, 0),
('60', 0, 15, 'Ofori Janet', '', '1946-01-01', 'f', '599/13', '123452918', '2014-12-12', 0, 0),
('61', 0, 16, 'Otu Kwaku', '', '2008-01-01', 'm', '336/10', '123457630', '2014-12-12', 0, 0),
('62', 0, 16, 'Yeboah Janet', '', '2007-01-01', 'f', '760/13', '123455198', '2014-12-12', 0, 0),
('63', 0, 16, 'Amoh Kofi', '', '2013-05-16', 'm', '639/13', '123451300', '2014-12-12', 0, 0),
('64', 0, 16, 'Ofori Akua', '', '2008-01-01', 'f', '480/13', '123455354', '2014-12-12', 0, 0),
('65', 0, 17, 'Addo Kwaku', '', '2012-01-01', 'm', '29/13', '123458776', '2014-12-12', 0, 0),
('66', 0, 15, 'Lartey Janet', '', '2013-03-23', 'f', '911/13', '123452063', '2014-12-12', 0, 0),
('67', 0, 17, 'Mensah Janet', '', '2008-01-01', 'f', '337/12', '123453812', '2014-12-12', 0, 0),
('68', 0, 15, 'Mensah Kwaku', '', '2011-01-01', 'm', '640/12', '123456662', '2014-12-12', 0, 0),
('69', 0, 18, 'Otu Kwabena', '', '2011-01-01', 'm', '826/12', '123450546', '2014-12-12', 0, 0),
('70', 0, 17, 'Appiah Kojo', '', '2013-02-01', 'm', '56/13', '123453286', '2014-12-16', 0, 0),
('71', 0, 17, 'Adu Kofi', '', '2005-01-01', 'm', '763/11', '123451775', '2014-12-16', 0, 0),
('72', 0, 16, 'Amoh Kwaku', '', '1980-01-01', 'm', '548/13', '123457198', '2014-12-16', 0, 0),
('73', 0, 18, 'Mensah Kwaku', '', '1941-01-01', 'm', '713/09', '123451278', '2014-12-16', 0, 0),
('74', 0, 16, 'Adu Kwaku', '', '2005-01-01', 'm', '953/08', '123459415', '2014-12-16', 0, 0),
('75', 0, 17, 'Yeboah Kwaku', '', '2011-01-01', 'm', '245/12', '123452646', '2014-12-16', 0, 0),
('76', 0, 18, 'Adu Kwaku', '', '2005-01-01', 'm', '952/13', '123457681', '2014-12-16', 0, 0),
('77', 0, 16, 'Lartey Akua', '', '2013-03-01', 'f', '826/13', '123459749', '2014-12-16', 0, 0),
('78', 0, 18, 'Otu Akua', '', '2010-01-01', 'f', '56/12', '123455032', '2014-12-19', 0, 0),
('79', 0, 17, 'Adu Kojo', '', '2009-01-01', 'm', '47/13', '123452194', '2014-12-19', 0, 0),
('80', 0, 16, 'Amoh Kwaku', '', '2012-01-01', 'm', '127/13', '123452233', '2014-12-19', 0, 0),
('81', 0, 17, 'Lartey Abena', '', '2004-01-01', 'f', '488/08', '123457148', '2014-12-19', 0, 0),
('82', 0, 16, 'Yeboah Akua', '', '1967-01-01', 'f', '524/13', '123455888', '2014-12-19', 0, 0),
('83', 0, 16, 'Amoh Akua', '', '2010-01-01', 'f', '41/13', '123451133', '2014-12-19', 0, 0),
('84', 0, 16, 'Otu Janet', '', '2012-01-01', 'f', '772/13', '123459464', '2014-12-19', 0, 0),
('85', 0, 17, 'Mensah Kwaku', '', '2011-01-01', 'm', '593/13', '123459120', '2014-12-19', 0, 0),
('86', 0, 18, 'Mensah Kofi', '', '2009-01-01', 'm', '41741', '123455014', '2014-12-19', 0, 0),
('87', 0, 16, 'Lartey Kwaku', '', '2010-01-01', 'm', '876/12', '123455679', '2014-12-19', 0, 0),
('88', 0, 15, 'Adu Abena', '', '2003-01-01', 'f', '817/09', '123453437', '2014-12-19', 0, 0),
('89', 0, 17, 'Ofori Abena', '', '1985-01-01', 'f', '791/13', '123457961', '2014-12-19', 0, 0),
('90', 0, 15, 'Yeboah Kwaku', '', '2010-01-01', 'm', '947/13', '123456108', '2014-12-19', 0, 0),
('91', 0, 16, 'Addo Kwaku', '', '1955-01-01', 'm', '487/13', '123450153', '2014-12-19', 0, 0),
('92', 0, 18, 'Mensah Kwaku', '', '2011-01-01', 'm', '955/13', '123450316', '2014-12-19', 0, 0),
('93', 0, 18, 'Ofori Kojo', '', '2007-01-01', 'm', '99/09', '123459045', '2014-12-19', 0, 0),
('94', 0, 16, 'Appiah Kwaku', '', '2011-01-01', 'm', '675/12', '123453357', '2014-12-19', 0, 0),
('95', 0, 17, 'Appiah Akua', '', '2007-01-01', 'f', '695/09', '123450760', '2014-12-19', 0, 0),
('96', 0, 15, 'Amoh Kofi', '', '2011-01-01', 'm', '793/12', '123453065', '2014-12-19', 0, 0),
('97', 0, 15, 'Adu Akua', '', '1934-01-01', 'f', '18/93', '123457194', '2014-12-19', 0, 0),
('98', 0, 17, 'Otu Kwabena', '', '2011-01-01', 'm', '878/11', '123456953', '2014-12-19', 0, 0),
('99', 0, 17, 'Tetteh Akua', '', '1989-01-01', 'f', '908/13', '123454937', '2014-12-19', 0, 0),
('100', 0, 17, 'Mensah Janet', '', '1999-05-09', 'f', '66/13', '123459660', '2014-12-19', 0, 0),
('101', 0, 16, 'Adu Kwabena', '', '1940-01-01', 'm', '976/12', '123454762', '2014-12-19', 0, 0),
('102', 0, 16, 'Otu Kwabena', '', '2010-01-01', 'm', '219/11', '123459694', '2014-12-24', 0, 0),
('103', 0, 16, 'Lartey Yaa', '', '2008-01-01', 'f', '522/13', '123459459', '2014-12-24', 0, 0),
('104', 0, 18, 'Amoh Kwaku', '', '2009-01-01', 'm', '323/11', '123452834', '2014-12-24', 0, 0),
('105', 0, 15, 'Lartey Kwaku', '', '2012-01-01', 'm', '956/12', '123457610', '2014-12-24', 0, 0),
('106', 0, 17, 'Yeboah Kojo', '', '1992-01-01', 'm', '847/23', '123450574', '2014-12-24', 0, 0),
('107', 0, 18, 'Addo Kwaku', '', '1992-01-01', 'm', '370/14', '123455071', '2014-12-24', 0, 0),
('108', 0, 17, 'Yeboah Yaa', '', '1973-01-01', 'f', '844/12', '123451785', '2014-12-24', 0, 0),
('109', 0, 17, 'Otu Janet', '', '1949-01-01', 'f', '16/08', '123458706', '2014-12-24', 0, 0),
('110', 0, 16, 'Addo Janet', '', '2004-01-01', 'f', '923/12', '123450454', '2014-12-24', 0, 0),
('111', 0, 18, 'Otu Kwaku', '', '2009-01-01', 'm', '595/13', '123456940', '2014-12-24', 0, 0),
('112', 0, 18, 'Tetteh Akua', '', '2009-01-01', 'f', '534/13', '123453592', '2014-12-24', 0, 0),
('113', 0, 17, 'Adu Akua', '', '2009-01-01', 'f', '508/11', '123456127', '2014-12-24', 0, 0),
('114', 0, 16, 'Ofori Yaa', '', '2008-01-01', 'f', '492/09', '123456300', '2014-12-24', 0, 0),
('115', 0, 15, 'Mensah Akua', '', '2011-01-01', 'f', '797/12', '123458446', '2014-12-24', 0, 0),
('116', 0, 15, 'Appiah Abena', '', '2011-01-01', 'f', '868/11', '123458848', '2014-12-24', 0, 0),
('117', 0, 16, 'Otu Abena', '', '1932-01-01', 'f', '991/12', '123453146', '2014-12-24', 0, 0),
('118', 0, 16, 'Otu Janet', '', '2011-01-01', 'f', '674/13', '123452701', '2014-12-24', 0, 0),
('119', 0, 15, 'Addo Yaa', '', '1935-01-01', 'f', '153/11', '123452691', '2014-12-24', 0, 0),
('120', 0, 15, 'Otu Kwaku', '', '1953-01-01', 'm', '87/12', '123457471', '2014-12-25', 0, 0),
('121', 0, 16, 'Yeboah Akua', '', '2008-01-01', 'f', '563/13', '123456741', '2014-12-25', 0, 0),
('122', 0, 15, 'Tetteh Akua', '', '2011-01-01', 'f', '875/12', '123458941', '2014-12-25', 0, 0),
('123', 0, 16, 'Mensah Yaa', '', '1952-01-01', 'f', '448/08', '123450660', '2014-12-25', 0, 0),
('124', 0, 17, 'Ofori Kwaku', '', '2012-01-01', 'm', '338/13', '123456798', '2014-12-25', 0, 0),
('125', 0, 16, 'Appiah Akua', '', '1957-01-01', 'f', '768//3', '123457396', '2014-12-25', 0, 0),
('126', 0, 15, 'Yeboah Kofi', '', '1938-01-01', 'm', '337/13', '123450999', '2014-12-25', 0, 0),
('127', 0, 18, 'Amoh Akua', '', '1947-01-01', 'f', '616/13', '123452168', '2014-12-25', 0, 0),
('128', 0, 16, 'Amoh Akua', '', '2009-01-01', 'f', '631/09', '123457305', '2014-12-25', 0, 0),
('129', 0, 18, 'Yeboah Kofi', '', '2011-01-01', 'm', '566/12', '123452923', '2014-12-25', 0, 0),
('130', 0, 18, 'Appiah Abena', '', '1948-01-01', 'f', '770/13', '123458655', '2014-12-26', 0, 0),
('131', 0, 18, 'Yeboah Akua', '', '1961-01-01', 'f', '636/09', '123453330', '2014-12-26', 0, 0),
('132', 0, 18, 'Addo Janet', '', '1953-01-01', 'f', '765/09', '123450766', '2014-12-26', 0, 0),
('133', 0, 18, 'Mensah Kwabena', '', '2012-01-01', 'm', '482/13', '123456507', '2014-12-26', 0, 0),
('134', 0, 15, 'Appiah Janet', '', '2010-01-01', 'f', '164/08', '123454934', '2014-12-26', 0, 0),
('135', 0, 16, 'Tetteh Abena', '', '2010-01-01', 'f', '859/11', '123459369', '2014-12-26', 0, 0),
('136', 0, 16, 'Ofori Yaa', '', '1994-01-01', 'f', '998/08', '123455734', '2014-12-26', 0, 0),
('137', 0, 16, 'Adu Yaa', '', '2012-09-01', 'f', '545/13', '123459063', '2014-12-26', 0, 0),
('138', 0, 18, 'Adu Kofi', '', '2011-01-01', 'm', '171/12', '123451526', '2014-12-26', 0, 0),
('139', 0, 16, 'Mensah Yaa', '', '2010-01-01', 'f', '117/12', '123453766', '2014-12-26', 0, 0),
('140', 0, 18, 'Otu Yaa', '', '2012-01-01', 'f', '339/13', '123458334', '2014-12-26', 0, 0),
('141', 0, 15, 'Otu Kojo', '', '2010-01-01', 'm', '770/13', '123451395', '2014-12-26', 0, 0),
('142', 0, 18, 'Appiah Kwaku', '', '2012-01-01', 'm', '799/13', '123454270', '2014-12-26', 0, 0),
('143', 0, 17, 'Adu Kojo', '', '2010-01-01', 'm', '413/12', '123454788', '2014-12-26', 0, 0),
('144', 0, 16, 'Yeboah Akua', '', '2012-01-01', 'f', '911/13', '123459471', '2014-12-26', 0, 0),
('145', 0, 16, 'Addo Kwaku', '', '2005-01-01', 'm', '877/11', '123450912', '2014-12-26', 0, 0),
('146', 0, 17, 'Otu Akua', '', '2007-01-01', 'f', '454/11', '123456818', '2014-12-26', 0, 0),
('147', 0, 17, 'Adu Kwaku', '', '2013-02-01', 'm', '356/13', '123457698', '2014-12-26', 0, 0),
('148', 0, 18, 'Mensah Kwabena', '', '2013-03-01', 'm', '831/13', '123456591', '2014-12-26', 0, 0),
('149', 0, 17, 'Appiah Kojo', '', '2012-01-01', 'm', '997/13', '123450605', '2014-12-27', 0, 0),
('150', 0, 17, 'Addo Akua', '', '2012-01-01', 'f', '569/13', '123459435', '2014-12-27', 0, 0),
('151', 0, 17, 'Otu Kwaku', '', '2009-01-01', 'm', '686/13', '123450805', '2014-12-27', 0, 0),
('152', 0, 17, 'Addo Kwabena', '', '2006-01-01', 'm', '228/13', '123459745', '2014-12-31', 0, 0),
('153', 0, 16, 'Ofori Yaa', '', '2008-01-01', 'f', '766/08', '123453550', '2014-12-31', 0, 0),
('154', 0, 16, 'Lartey Kojo', '', '2009-01-01', 'm', '97/11', '123453043', '2014-12-31', 0, 0),
('155', 0, 18, 'Adu Janet', '', '2007-01-01', 'f', '759/09', '123457415', '2014-12-31', 0, 0),
('156', 0, 15, 'Addo Akua', '', '2009-01-01', 'f', '259/10', '123450828', '2014-12-31', 0, 0),
('157', 0, 18, 'Adu Kojo', '', '2007-01-01', 'm', '502/11', '123454021', '2014-12-31', 0, 0),
('158', 0, 15, 'Amoh Kofi', '', '2009-01-01', 'm', '806/13', '123450197', '2014-12-31', 0, 0),
('159', 0, 17, 'Ofori Kwabena', '', '2012-01-01', 'm', '194/13', '123450178', '2014-12-31', 0, 0),
('160', 0, 15, 'Mensah Kojo', '', '1957-01-01', 'm', '757/12', '123455369', '2014-12-31', 0, 0),
('161', 0, 18, 'Lartey Yaa', '', '1974-01-01', 'f', '360/13', '123451288', '2014-12-31', 0, 0),
('162', 0, 15, 'Amoh Yaa', '', '2009-01-01', 'f', '775/10', '123453289', '2015-01-06', 0, 0),
('163', 0, 17, 'Adu Kofi', '', '2011-01-01', 'm', '586/11', '123451110', '2015-01-06', 0, 0),
('164', 0, 17, 'Mensah Yaa', '', '2013-04-20', 'f', '177/13', '123450577', '2015-01-06', 0, 0),
('165', 0, 16, 'Yeboah Kwaku', '', '2012-01-01', 'm', '23/12', '123451317', '2015-01-06', 0, 0),
('166', 0, 16, 'Appiah Akua', '', '1988-01-01', 'f', '164/14', '123453050', '2015-01-06', 0, 0),
('167', 0, 17, 'Appiah Kwaku', '', '2000-01-01', 'm', '41647', '123452825', '2015-01-06', 0, 0),
('168', 0, 16, 'Mensah Yaa', '', '1940-01-01', 'f', '35/12', '123451383', '2015-01-06', 0, 0),
('169', 0, 17, 'Yeboah Yaa', '', '2013-01-01', 'f', '258/13', '123459146', '2015-01-09', 0, 0),
('170', 0, 15, 'Mensah Kwaku', '', '2002-01-01', 'm', '184/08', '123456455', '2015-01-09', 0, 0),
('171', 0, 17, 'Tetteh Kwaku', '', '2012-01-01', 'm', '342/4)', '123457074', '2015-01-09', 0, 0),
('172', 0, 18, 'Adu Kojo', '', '1940-01-01', 'm', '526/14', '123450235', '2015-01-09', 0, 0),
('173', 0, 16, 'Lartey Kofi', '', '2013-01-01', 'm', '206/14', '123455915', '2015-01-09', 0, 0),
('174', 0, 15, 'Amoh Akua', '', '1936-01-01', 'f', '411/11', '123452285', '2015-01-09', 0, 0),
('175', 0, 18, 'Mensah Janet', '', '2004-01-01', 'f', '897/14', '123458449', '2015-01-09', 0, 0),
('176', 0, 15, 'Ofori Abena', '', '2006-01-01', 'f', '234/09', '123454415', '2015-01-09', 0, 0),
('177', 0, 18, 'Otu Janet', '', '2012-10-02', 'f', '833/13', '123458183', '2015-01-09', 0, 0),
('178', 0, 18, 'Appiah Janet', '', '2002-01-01', 'f', '494/08', '123455377', '2015-01-14', 0, 0),
('179', 0, 15, 'Lartey Kwabena', '', '2008-01-01', 'm', '400/13', '123450452', '2015-01-14', 0, 0),
('180', 0, 17, 'Appiah Yaa', '', '2013-01-01', 'f', '174/14', '123459068', '2015-01-14', 0, 0),
('181', 0, 17, 'Adu Yaa', '', '2014-01-01', 'f', '638/14', '123450255', '2015-01-14', 0, 0),
('182', 0, 18, 'Lartey Kofi', '', '2012-01-01', 'm', '612/12', '123450440', '2015-01-14', 0, 0),
('183', 0, 15, 'Amoh Kojo', '', '1939-01-01', 'm', '257/13', '123456790', '2015-01-14', 0, 0),
('184', 0, 17, 'Lartey Abena', '', '2012-01-01', 'f', '72/12', '123451538', '2015-01-14', 0, 0),
('185', 0, 16, 'Addo Yaa', '', '1985-01-01', 'f', '429/12', '123450655', '2015-01-14', 0, 0),
('186', 0, 16, 'Otu Kwabena', '', '2011-01-01', 'm', '996/14', '123455269', '2015-01-14', 0, 0),
('187', 0, 16, 'Mensah Akua', '', '1941-01-01', 'f', '822/08', '123456428', '2015-01-14', 0, 0),
('188', 0, 17, 'Mensah Kojo', '', '2011-01-01', 'm', '400/11', '123450833', '2015-01-14', 0, 0),
('189', 0, 16, 'Adu Abena', '', '1943-01-01', 'f', '898/12', '123456815', '2015-01-14', 0, 0),
('190', 0, 18, 'Appiah Kwaku', '', '2009-01-01', 'm', '878/09', '123458843', '2015-01-14', 0, 0),
('191', 0, 16, 'Yeboah Kofi', '', '2006-01-01', 'm', '699/09', '123457681', '2015-01-14', 0, 0),
('192', 0, 15, 'Lartey Yaa', '', '1990-01-01', 'f', '94/14', '123459585', '2015-01-14', 0, 0),
('193', 0, 16, 'Lartey Yaa', '', '1989-01-01', 'f', '270/14', '123453266', '2015-01-14', 0, 0),
('194', 0, 17, 'Appiah Akua', '', '1947-01-01', 'f', '741/14', '123454146', '2015-01-14', 0, 0),
('195', 0, 15, 'Adu Yaa', '', '1969-01-01', 'f', '356/13', '123453778', '2015-01-14', 0, 0),
('196', 0, 18, 'Appiah Kofi', '', '1978-01-01', 'm', '841/14', '123455128', '2015-01-25', 0, 0),
('197', 0, 16, 'Otu Janet', '', '2012-01-01', 'f', '196/12', '123454030', '2015-01-25', 0, 0),
('198', 0, 17, 'Ofori Kwaku', '', '2012-01-01', 'm', '618/13', '123456773', '2015-01-25', 0, 0),
('199', 0, 17, 'Tetteh Kwaku', '', '1941-01-01', 'm', '567/14', '123455014', '2015-01-25', 0, 0),
('200', 0, 18, 'Addo Kwaku', '', '1991-01-01', 'm', '536/13', '123456082', '2015-01-25', 0, 0),
('201', 0, 15, 'Ofori Abena', '', '1989-01-01', 'f', '38/14', '123452196', '2015-01-25', 0, 0),
('202', 0, 15, 'Otu Yaa', '', '2007-01-01', 'f', '201/13', '123457172', '2015-01-25', 0, 0),
('203', 0, 18, 'Addo Abena', '', '2008-01-01', 'f', '426/13', '123459810', '2015-01-25', 0, 0),
('204', 0, 17, 'Lartey Yaa', '', '1978-01-01', 'f', '550/12', '123452045', '2015-01-25', 0, 0),
('205', 0, 18, 'Mensah Kwaku', '', '2011-01-01', 'm', '0/14', '123456281', '2015-01-25', 0, 0),
('206', 0, 18, 'Lartey Janet', '', '1996-01-01', 'f', '65/14', '123456270', '2015-01-25', 0, 0),
('207', 0, 18, 'Yeboah Yaa', '', '1992-01-01', 'f', '884/14', '123457773', '2015-01-25', 0, 0),
('208', 0, 15, 'Yeboah Kwaku', '', '2012-08-15', 'm', '41803', '123456926', '2015-01-25', 0, 0),
('209', 0, 18, 'Adu Abena', '', '1997-01-01', 'f', '511/09', '123450661', '2015-01-25', 0, 0),
('210', 0, 17, 'Ofori Yaa', '', '1970-01-01', 'f', '145/11', '123450625', '2015-01-25', 0, 0),
('211', 0, 17, 'Yeboah Kwaku', '', '2014-01-01', 'm', '1000/13', '123459906', '2015-01-25', 0, 0),
('212', 0, 17, 'Tetteh Kwaku', '', '1966-01-01', 'm', '884/13', '123458857', '2015-01-25', 0, 0),
('213', 0, 18, 'Mensah Kofi', '', '2008-01-01', 'm', '865/10', '123453403', '2015-01-25', 0, 0),
('214', 0, 17, 'Otu Janet', '', '1976-01-01', 'f', '552/13', '123457817', '2015-01-25', 0, 0),
('215', 0, 16, 'Lartey Akua', '', '2012-01-01', 'f', '771/14', '123458088', '2015-01-25', 0, 0),
('216', 0, 17, 'Yeboah Kwaku', '', '2003-01-01', 'm', '624/09', '123452528', '2015-01-25', 0, 0),
('217', 0, 17, 'Tetteh Akua', '', '1943-01-01', 'f', '285/12', '123458148', '2015-01-25', 0, 0),
('218', 0, 16, 'Yeboah Akua', '', '1988-01-01', 'f', '647/13', '123452513', '2015-01-25', 0, 0),
('219', 0, 18, 'Ofori Abena', '', '1983-01-01', 'f', '629/12', '123451739', '2015-01-25', 0, 0),
('220', 0, 17, 'Lartey Kojo', '', '2009-01-01', 'm', '652/11', '123453752', '2015-01-25', 0, 0),
('221', 0, 16, 'Adu Kwaku', '', '2006-01-01', 'm', '737/11', '123451661', '2015-01-25', 0, 0),
('222', 0, 17, 'Ofori Yaa', '', '1985-01-01', 'f', '355/08', '123451701', '2015-01-25', 0, 0),
('223', 0, 18, 'Ofori Yaa', '', '1968-01-01', 'f', '137/14', '123452705', '2015-01-26', 0, 0),
('224', 0, 17, 'Yeboah Kojo', '', '1977-01-01', 'm', '491/14', '123458500', '2015-01-26', 0, 0),
('225', 0, 18, 'Adu Abena', '', '2011-01-01', 'f', '453/11', '123452704', '2015-01-26', 0, 0),
('226', 0, 17, 'Tetteh Akua', '', '2006-01-01', 'f', '635/12', '123459350', '2015-01-26', 0, 0),
('227', 0, 18, 'Ofori Abena', '', '2011-11-11', 'f', '994/12', '123455430', '2015-01-26', 0, 0),
('228', 0, 17, 'Addo Kwaku', '', '2014-01-01', 'm', '684/13', '123459267', '2015-01-26', 0, 0),
('229', 0, 17, 'Appiah Akua', '', '2013-01-01', 'f', '645/13', '123454842', '2015-01-26', 0, 0),
('230', 0, 18, 'Yeboah Yaa', '', '2004-01-01', 'f', '424/14', '123454840', '2015-01-26', 0, 0),
('231', 0, 18, 'Lartey Kofi', '', '2013-01-01', 'm', '95/13', '123457532', '2015-01-26', 0, 0),
('232', 0, 15, 'Ofori Kofi', '', '2000-01-01', 'm', '246/12', '123455083', '2015-01-26', 0, 0),
('233', 0, 15, 'Lartey Akua', '', '2013-01-01', 'f', '341/13', '123450517', '2015-01-26', 0, 0),
('234', 0, 16, 'Yeboah Akua', '', '1974-01-01', 'f', '940/11', '123454210', '2015-01-26', 0, 0),
('235', 0, 18, 'Mensah Kwaku', '', '2006-01-01', 'm', '675/11', '123456491', '2015-01-26', 0, 0),
('236', 0, 15, 'Amoh Yaa', '', '2006-01-01', 'f', '306/10', '123455464', '2015-01-26', 0, 0),
('237', 0, 17, 'Yeboah Kwaku', '', '2011-01-01', 'm', '689/14', '123453261', '2015-01-26', 0, 0),
('238', 0, 17, 'Addo Kojo', '', '2010-01-01', 'm', '440/12', '123456258', '2015-01-26', 0, 0),
('239', 0, 16, 'Adu Kofi', '', '2012-01-01', 'm', '983/11', '123459998', '2015-01-26', 0, 0),
('240', 0, 16, 'Tetteh Kojo', '', '2007-01-01', 'm', '437/11', '123457367', '2015-01-27', 0, 0),
('241', 0, 17, 'Addo Kojo', '', '2012-01-01', 'm', '691/09', '123457554', '2015-01-27', 0, 0),
('242', 0, 16, 'Addo Kofi', '', '2000-01-01', 'm', '957/09', '123451596', '2015-01-27', 0, 0),
('243', 0, 18, 'Ofori Janet', '', '1988-01-01', 'f', '595/14', '123457652', '2015-01-27', 0, 0),
('244', 0, 17, 'Appiah Abena', '', '1988-01-01', 'f', '41773', '123451864', '2015-01-27', 0, 0),
('245', 0, 15, 'Otu Abena', '', '1942-01-01', 'f', '736/14', '123456920', '2015-01-27', 0, 0),
('246', 0, 17, 'Otu Kwaku', '', '2009-01-01', 'm', '609/10', '123451981', '2015-01-27', 0, 0),
('247', 0, 17, 'Amoh Kwaku', '', '1976-01-01', 'm', '350/14', '123457370', '2015-01-27', 0, 0),
('248', 0, 16, 'Lartey Akua', '', '1994-01-01', 'f', '559/14', '123459487', '2015-01-27', 0, 0),
('249', 0, 16, 'Adu Kwaku', '', '2009-01-01', 'm', '997/13', '123458187', '2015-01-27', 0, 0),
('250', 0, 18, 'Yeboah Kwaku', '', '1936-01-01', 'm', '926/09', '123455682', '2015-01-27', 0, 0),
('251', 0, 18, 'Tetteh Janet', '', '1986-01-01', 'f', '37/13', '123450226', '2015-01-27', 0, 0),
('252', 0, 17, 'Adu Janet', '', '1941-01-01', 'f', '932/14', '123453103', '2015-01-27', 0, 0),
('253', 0, 18, 'Tetteh Abena', '', '2009-01-01', 'f', '289/11', '123456774', '2015-01-27', 0, 0),
('254', 0, 16, 'Amoh Akua', '', '2006-01-01', 'f', '895/13', '123454864', '2015-01-27', 0, 0),
('255', 0, 18, 'Amoh Akua', '', '2011-01-01', 'f', '445/14', '123457075', '2015-01-27', 0, 0),
('256', 0, 18, 'Amoh Kwaku', '', '2011-09-01', 'm', '543/12', '123450617', '2015-01-27', 0, 0),
('257', 0, 16, 'Appiah Kwaku', '', '2003-01-01', 'm', '831/10', '123450106', '2015-01-27', 0, 0),
('258', 0, 15, 'Adu Abena', '', '2005-01-01', 'f', '252/08', '123456488', '2015-01-27', 0, 0),
('259', 0, 18, 'Otu Kwaku', '', '2010-01-01', 'm', '721/11', '123454555', '2015-01-27', 0, 0),
('260', 0, 18, 'Otu Kojo', '', '1969-01-01', 'm', '614/14', '123458235', '2015-01-27', 0, 0),
('261', 0, 15, 'Otu Akua', '', '1990-01-01', 'f', '961/13', '123454803', '2015-01-27', 0, 0),
('262', 0, 18, 'Tetteh Kofi', '', '1983-01-01', 'm', '176/14', '123456042', '2015-01-27', 0, 0),
('263', 0, 17, 'Ofori Abena', '', '1996-01-01', 'f', '391/14', '123451780', '2015-01-27', 0, 0),
('264', 0, 18, 'Addo Abena', '', '2012-01-01', 'f', '390/13', '123454691', '2015-01-27', 0, 0),
('265', 0, 16, 'Adu Yaa', '', '1958-01-01', 'f', '298/13', '123456733', '2015-01-27', 0, 0),
('266', 0, 18, 'Mensah Kojo', '', '2008-01-01', 'm', '107/11', '123459335', '2015-01-27', 0, 0),
('267', 0, 18, 'Tetteh Yaa', '', '2001-01-01', 'f', '36/14', '123459928', '2015-01-27', 0, 0),
('268', 0, 17, 'Ofori Abena', '', '2011-01-01', 'f', '593/11', '123452354', '2015-01-27', 0, 0),
('269', 0, 18, 'Appiah Akua', '', '2012-01-01', 'f', '21/11', '123454284', '2015-01-28', 0, 0),
('270', 0, 17, 'Yeboah Abena', '', '1971-01-01', 'f', '602/12', '123456889', '2015-01-28', 0, 0),
('271', 0, 15, 'Amoh Kwaku', '', '2014-01-01', 'm', '651/13', '123452897', '2015-01-28', 0, 0),
('272', 0, 17, 'Tetteh Akua', '', '2005-01-01', 'f', '563/12', '123457247', '2015-01-28', 0, 0),
('273', 0, 16, 'Lartey Yaa', '', '1942-01-01', 'f', '653/08', '123450713', '2015-01-28', 0, 0),
('274', 0, 17, 'Lartey Yaa', '', '1984-01-01', 'f', '483/11', '123452390', '2015-01-28', 0, 0),
('275', 0, 17, 'Lartey Kwabena', '', '2011-01-01', 'm', '667/11', '123457162', '2015-01-28', 0, 0),
('276', 0, 17, 'Tetteh Kwaku', '', '1972-01-01', 'm', '226/11', '123451517', '2015-01-28', 0, 0),
('277', 0, 18, 'Otu Kojo', '', '2013-01-01', 'm', '658/13', '123454184', '2015-01-28', 0, 0),
('278', 0, 18, 'Adu Janet', '', '2010-01-01', 'f', '389/12', '123454262', '2015-01-28', 0, 0),
('279', 0, 17, 'Addo Abena', '', '1957-01-01', 'f', '735/08', '123452406', '2015-01-28', 0, 0),
('280', 0, 16, 'Amoh Kofi', '', '2012-01-01', 'm', '643/14', '123458608', '2015-01-28', 0, 0),
('281', 0, 16, 'Ofori Yaa', '', '1992-01-01', 'f', '952/13', '123455016', '2015-01-28', 0, 0),
('282', 0, 15, 'Yeboah Kwaku', '', '2009-01-01', 'm', '350/14', '123452515', '2015-01-30', 0, 0),
('283', 0, 15, 'Mensah Akua', '', '1969-01-01', 'f', '461/14', '123453169', '2015-01-30', 0, 0),
('284', 0, 15, 'Ofori Yaa', '', '2009-01-01', 'f', '847/12', '123454412', '2015-01-30', 0, 0),
('285', 0, 18, 'Yeboah Yaa', '', '2012-05-07', 'f', '235/14', '123453673', '2015-01-30', 0, 0),
('286', 0, 18, 'Ofori Kwaku', '', '1984-01-01', 'm', '752/14', '123453161', '2015-01-30', 0, 0),
('287', 0, 17, 'Mensah Kwaku', '', '1995-01-01', 'm', '866/13', '123453917', '2015-01-30', 0, 0),
('288', 0, 18, 'Amoh Akua', '', '2007-01-01', 'f', '68/12', '123459884', '2015-01-31', 0, 0),
('289', 0, 18, 'Addo Kwabena', '', '2010-01-01', 'm', '193/14', '123451174', '2015-01-31', 0, 0),
('290', 0, 18, 'Yeboah Kojo', '', '2011-01-01', 'm', '791/14', '123457656', '2015-01-31', 0, 0),
('291', 0, 16, 'Yeboah Yaa', '', '1983-01-01', 'f', '924/14', '123454178', '2015-01-31', 0, 0),
('292', 0, 15, 'Adu Abena', '', '2008-01-01', 'f', '417/14', '123454379', '2015-01-31', 0, 0),
('293', 0, 18, 'Addo Kwaku', '', '2010-01-01', 'm', '432/11', '123459521', '2015-01-31', 0, 0),
('294', 0, 15, 'Mensah Janet', '', '1958-01-01', 'f', '110/13', '123454533', '2015-01-31', 0, 0),
('295', 0, 18, 'Appiah Kofi', '', '2012-08-18', 'm', '48/13', '123452544', '2015-01-31', 0, 0),
('296', 0, 15, 'Ofori Kwaku', '', '2012-01-01', 'm', '55/13', '123456225', '2015-01-31', 0, 0),
('297', 0, 18, 'Lartey Kwaku', '', '2005-01-01', 'm', '224/08', '123454676', '2015-01-31', 0, 0),
('298', 0, 16, 'Lartey Janet', '', '2013-01-01', 'f', '741/12', '123456770', '2015-01-31', 0, 0),
('299', 0, 17, 'Adu Akua', '', '2010-01-01', 'f', '840/10', '123455589', '2015-01-31', 0, 0),
('300', 0, 18, 'Addo Akua', '', '2013-12-01', 'f', '177/14', '123453290', '2015-01-31', 0, 0),
('301', 0, 16, 'Tetteh Kwabena', '', '2012-01-01', 'm', '547/12', '123451609', '2015-01-31', 0, 0),
('302', 0, 16, 'Appiah Kojo', '', '2000-01-01', 'm', '900/08', '123450745', '2015-01-31', 0, 0),
('303', 0, 15, 'Yeboah Akua', '', '2013-01-01', 'f', '498/14', '123456351', '2015-01-31', 0, 0),
('304', 0, 16, 'Yeboah Abena', '', '2007-01-01', 'f', '708/12', '123457096', '2015-01-31', 0, 0),
('305', 0, 15, 'Mensah Akua', '', '1958-01-01', 'f', '89/08', '123459609', '2015-01-31', 0, 0),
('306', 0, 16, 'Mensah Janet', '', '2010-01-01', 'f', '271/13', '123456714', '2015-01-31', 0, 0),
('307', 0, 18, 'Tetteh Janet', '', '2013-01-01', 'f', '957/14', '123455057', '2015-01-31', 0, 0),
('308', 0, 17, 'Amoh Yaa', '', '2013-01-01', 'f', '97/12', '123455779', '2015-02-09', 0, 0),
('309', 0, 18, 'Tetteh Kofi', '', '1974-01-01', 'm', '727/14', '123455463', '2015-02-09', 0, 0),
('310', 0, 17, 'Otu Janet', '', '1940-01-01', 'f', '643/12', '123457463', '2015-02-09', 0, 0),
('311', 0, 16, 'Appiah Akua', '', '1990-01-01', 'f', '552/14', '123453943', '2015-02-09', 0, 0),
('312', 0, 15, 'Tetteh Kwaku', '', '1935-01-01', 'm', '831/11', '123452182', '2015-02-09', 0, 0),
('313', 0, 18, 'Yeboah Kwaku', '', '2007-01-01', 'm', '832/13', '123451430', '2015-02-09', 0, 0),
('314', 0, 16, 'Mensah Kwaku', '', '2012-01-01', 'm', '135/11', '123450295', '2015-02-09', 0, 0),
('315', 0, 17, 'Otu Kofi', '', '2010-01-01', 'm', '561/11', '123457730', '2015-02-09', 0, 0),
('316', 0, 16, 'Amoh Yaa', '', '1970-01-01', 'f', '365/12', '123454005', '2015-02-09', 0, 0),
('317', 0, 17, 'Addo Kwaku', '', '2000-01-01', 'm', '437/08', '123452518', '2015-02-09', 0, 0),
('318', 0, 18, 'Yeboah Abena', '', '1970-01-01', 'f', '100/13', '123453955', '2015-02-09', 0, 0),
('319', 0, 18, 'Appiah Akua', '', '1994-01-01', 'f', '804/14', '123450227', '2015-02-09', 0, 0),
('320', 0, 16, 'Mensah Abena', '', '1991-01-01', 'f', '297/13', '123453001', '2015-02-09', 0, 0),
('321', 0, 18, 'Lartey Kwaku', '', '2014-03-01', 'm', '405/13', '123455145', '2015-02-09', 0, 0),
('322', 0, 16, 'Appiah Kwaku', '', '2012-01-01', 'm', '426/11', '123459293', '2015-02-09', 0, 0),
('323', 0, 15, 'Appiah Janet', '', '2012-01-01', 'f', '899/12', '123455529', '2015-02-09', 0, 0),
('324', 0, 17, 'Mensah Yaa', '', '1985-06-18', 'f', '722/13', '123455676', '2015-02-09', 0, 0),
('325', 0, 17, 'Tetteh Abena', '', '2004-01-01', 'f', '951/09', '123454589', '2015-02-09', 0, 0),
('326', 0, 17, 'Appiah Kwabena', '', '2004-01-01', 'm', '255/14', '123452824', '2015-02-10', 0, 0),
('327', 0, 17, 'Yeboah Kwabena', '', '2012-01-01', 'm', '230/13', '123450178', '2015-02-10', 0, 0),
('328', 0, 16, 'Tetteh Kwaku', '', '1982-01-01', 'm', '496/14', '123458365', '2015-02-10', 0, 0),
('329', 0, 16, 'Amoh Kojo', '', '2005-01-01', 'm', '787/12', '123456382', '2015-02-10', 0, 0),
('330', 0, 15, 'Amoh Kofi', '', '2005-01-01', 'm', '907/13', '123459799', '2015-02-10', 0, 0),
('331', 0, 17, 'Otu Yaa', '', '1958-01-01', 'f', '258/14', '123456049', '2015-02-10', 0, 0),
('332', 0, 18, 'Addo Kojo', '', '1967-01-01', 'm', '148/14', '123452057', '2015-02-10', 0, 0),
('333', 0, 16, 'Yeboah Kwabena', '', '2010-01-01', 'm', '826/11', '123459142', '2015-02-10', 0, 0),
('334', 0, 15, 'Tetteh Abena', '', '1957-01-01', 'f', '930/14', '123457098', '2015-02-10', 0, 0),
('335', 0, 15, 'Appiah Abena', '', '1977-01-01', 'f', '955/14', '123455561', '2015-02-10', 0, 0),
('336', 0, 15, 'Yeboah Janet', '', '1970-01-01', 'f', '767/12', '123458702', '2015-02-10', 0, 0),
('337', 0, 16, 'Tetteh Abena', '', '1993-01-01', 'f', '606/08', '123457861', '2015-02-10', 0, 0),
('338', 0, 17, 'Adu Yaa', '', '1986-01-01', 'f', '816/08', '123451648', '2015-02-10', 0, 0),
('339', 0, 17, 'Yeboah Janet', '', '2000-01-01', 'f', '184/12', '123452249', '2015-02-10', 0, 0),
('340', 0, 15, 'Otu Janet', '', '1996-01-01', 'f', '757/14', '123454865', '2015-02-10', 0, 0),
('341', 0, 15, 'Amoh Kofi', '', '2009-01-01', 'm', '50/09', '123455210', '2015-02-10', 0, 0),
('342', 0, 17, 'Yeboah Abena', '', '2013-03-01', 'f', '699/13', '123455548', '2015-02-10', 0, 0),
('343', 0, 17, 'Adu Kwaku', '', '2008-01-01', 'm', '557/09', '123457670', '2015-02-10', 0, 0),
('344', 0, 17, 'Ofori Kojo', '', '2002-01-01', 'm', '41682', '123452438', '2015-02-10', 0, 0),
('345', 0, 17, 'Ofori Akua', '', '2013-05-08', 'f', '528/ne', '123451699', '2015-02-10', 0, 0),
('346', 0, 18, 'Ofori Akua', '', '2013-03-18', 'f', '929/ne', '123458638', '2015-02-10', 0, 0),
('347', 0, 18, 'Yeboah Janet', '', '2013-08-05', 'f', '833/ne', '123454569', '2015-02-10', 0, 0),
('348', 0, 15, 'Lartey Kojo', '', '2013-09-16', 'm', '874/ne', '123451728', '2015-02-10', 0, 0),
('349', 0, 16, 'Otu Kwaku', '', '2013-04-14', 'm', '651/ne', '123451561', '2015-02-10', 0, 0),
('350', 0, 15, 'Otu Janet', '', '2013-10-29', 'f', '458/ne', '123456869', '2015-02-10', 0, 0),
('351', 0, 15, 'Tetteh Kojo', '', '2013-06-01', 'm', '845/14', '123451199', '2015-02-10', 0, 0),
('352', 0, 15, 'Addo Kofi', '', '2013-05-02', 'm', '809/ne', '123453829', '2015-02-10', 0, 0),
('353', 0, 18, 'Mensah Kwabena', '', '2013-01-01', 'm', '300/14', '123454587', '2015-02-10', 0, 0),
('354', 0, 16, 'Mensah Akua', '', '2013-12-24', 'f', '711/ne', '123456316', '2015-02-10', 0, 0),
('355', 0, 16, 'Appiah Kwaku', '', '2013-11-13', 'm', '742/ne', '123455760', '2015-02-10', 0, 0),
('356', 0, 18, 'Appiah Janet', '', '2013-12-16', 'f', '161/ne', '123454639', '2015-02-10', 0, 0),
('357', 0, 17, 'Mensah Kwaku', '', '2012-07-26', 'm', '893/ne', '123453645', '2015-02-10', 0, 0),
('358', 0, 16, 'Yeboah Kofi', '', '2012-05-30', 'm', '48/ne', '123459646', '2015-02-10', 0, 0),
('359', 0, 17, 'Appiah Kojo', '', '2011-08-15', 'm', '713/ne', '123453311', '2015-02-10', 0, 0),
('360', 0, 15, 'Otu Janet', '', '2012-07-24', 'f', '298/ne', '123459587', '2015-02-10', 0, 0),
('361', 0, 17, 'Yeboah Akua', '', '2005-01-01', 'f', '324/14', '123454611', '2015-02-12', 0, 0),
('362', 0, 17, 'Addo Yaa', '', '1974-01-01', 'f', '943/12', '123451132', '2015-02-12', 0, 0),
('363', 0, 17, 'Ofori Abena', '', '2010-01-01', 'f', '41830', '123452472', '2015-02-12', 0, 0),
('364', 0, 17, 'Adu Abena', '', '1955-01-01', 'f', '196/09', '123451898', '2015-02-12', 0, 0),
('365', 0, 18, 'Appiah Janet', '', '2012-01-01', 'f', '773/12', '123458725', '2015-02-12', 0, 0),
('366', 0, 16, 'Adu Yaa', '', '1988-01-01', 'f', '36/14', '123450115', '2015-02-12', 0, 0),
('367', 0, 17, 'Otu Kofi', '', '1976-01-01', 'm', '163/08', '123457204', '2015-02-12', 0, 0),
('368', 0, 15, 'Tetteh Kofi', '', '2010-01-01', 'm', '631/10', '123458757', '2015-02-12', 0, 0),
('369', 0, 17, 'Adu Akua', '', '1986-01-01', 'f', '41773', '123452174', '2015-02-12', 0, 0),
('370', 0, 18, 'Appiah Kwaku', '', '2010-01-01', 'm', '41/13', '123450296', '2015-02-12', 0, 0),
('371', 0, 16, 'Yeboah Kwabena', '', '2013-12-02', 'm', '613/ne', '123455803', '2015-02-12', 0, 0),
('372', 0, 16, 'Otu Kwabena', '', '2013-11-27', 'm', '203/ne', '123456150', '2015-02-12', 0, 0),
('373', 0, 15, 'Amoh Kwaku', '', '2013-07-16', 'm', '662/ne', '123454920', '2015-02-12', 0, 0),
('374', 0, 18, 'Mensah Kwaku', '', '2014-01-01', 'm', '254/14', '123450661', '2015-02-12', 0, 0),
('375', 0, 17, 'Ofori Kwaku', '', '2013-09-14', 'm', '700/ne', '123452036', '2015-02-12', 0, 0),
('376', 0, 16, 'Adu Abena', '', '2014-02-10', 'f', '901/ne', '123456918', '2015-02-12', 0, 0),
('377', 0, 16, 'Adu Kojo', '', '2014-02-16', 'm', '274/ne', '123455127', '2015-02-18', 0, 0),
('378', 0, 15, 'Lartey Kwaku', '', '2013-12-09', 'm', '339/ne', '123454788', '2015-02-18', 0, 0),
('379', 0, 18, 'Addo Kwabena', '', '2012-12-23', 'm', '922/ne', '123453142', '2015-02-18', 0, 0),
('380', 0, 17, 'Amoh Janet', '', '2013-02-02', 'f', '614/ne', '123450367', '2015-02-24', 0, 0),
('381', 0, 16, 'Mensah Kofi', '', '2014-01-07', 'm', '615/ne', '123451830', '2015-02-24', 0, 0),
('382', 0, 16, 'Ofori Kwaku', '', '2014-01-07', 'm', '539/ne', '123453213', '2015-02-24', 0, 0),
('383', 0, 18, 'Adu Akua', '', '2013-12-02', 'f', '731/ne', '123456292', '2015-02-24', 0, 0),
('384', 0, 18, 'Yeboah Akua', '', '2013-07-23', 'f', '186/ne', '123456784', '2015-02-24', 0, 0),
('385', 0, 18, 'Yeboah Kwaku', '', '2013-07-25', 'm', '666/ne', '123454911', '2015-02-24', 0, 0),
('386', 0, 16, 'Appiah Yaa', '', '2013-07-25', 'f', '372/ne', '123452572', '2015-02-24', 0, 0),
('387', 0, 18, 'Appiah Kwaku', '', '2014-01-14', 'm', '339/ne', '123456029', '2015-02-24', 0, 0),
('388', 0, 18, 'Addo Yaa', '', '2013-12-23', 'f', '238/ne', '123453265', '2015-02-24', 0, 0),
('389', 0, 15, 'Otu Abena', '', '2014-01-02', 'f', '278/ne', '123458127', '2015-02-24', 0, 0),
('390', 0, 16, 'Appiah Kwaku', '', '2013-05-29', 'm', '648/ne', '123455493', '2015-02-24', 0, 0),
('391', 0, 16, 'Yeboah Janet', '', '2013-01-01', 'f', '444/13', '123456623', '2015-02-24', 0, 0),
('392', 0, 15, 'Amoh Kwabena', '', '1992-01-01', 'm', '468/14', '123454150', '2015-02-24', 0, 0),
('393', 0, 16, 'Amoh Kofi', '', '1985-01-01', 'm', '31/12', '123458789', '2015-02-24', 0, 0),
('394', 0, 18, 'Amoh Janet', '', '1985-01-01', 'f', '459/12', '123452940', '2015-02-24', 0, 0),
('395', 0, 15, 'Mensah Yaa', '', '1964-01-01', 'f', '83/12', '123452754', '2015-02-24', 0, 0),
('396', 0, 17, 'Appiah Akua', '', '1976-01-01', 'f', '823/08', '123454381', '2015-02-24', 0, 0),
('397', 0, 15, 'Tetteh Yaa', '', '2008-01-01', 'f', '954/11', '123455503', '2015-02-24', 0, 0),
('398', 0, 17, 'Otu Akua', '', '2013-01-01', 'f', '642/13', '123459362', '2015-02-24', 0, 0),
('399', 0, 15, 'Adu Kojo', '', '2012-01-01', 'm', '48/13', '123452849', '2015-02-24', 0, 0),
('400', 0, 17, 'Yeboah Kwabena', '', '2012-01-01', 'm', '251/11', '123451050', '2015-02-24', 0, 0),
('401', 0, 18, 'Tetteh Kwaku', '', '2014-01-01', 'm', '499/14', '123456314', '2015-02-25', 0, 0),
('402', 0, 16, 'Appiah Akua', '', '2013-12-16', 'f', '858/ne', '123457184', '2015-02-25', 0, 0),
('403', 0, 18, 'Tetteh Janet', '', '2013-11-17', 'f', '572/ne', '123454094', '2015-02-25', 0, 0),
('404', 0, 16, 'Amoh Yaa', '', '2013-10-19', 'f', '290/ne', '123458108', '2015-02-25', 0, 0),
('405', 0, 16, 'Ofori Kojo', '', '2013-11-17', 'm', '42/ne', '123452644', '2015-02-25', 0, 0),
('406', 0, 17, 'Ofori Janet', '', '2013-12-12', 'f', '825/ne', '123452428', '2015-02-25', 0, 0),
('407', 0, 17, 'Yeboah Kwabena', '', '2014-01-02', 'm', '325/ne', '123451696', '2015-02-25', 0, 0),
('408', 0, 15, 'Tetteh Kofi', '', '2014-01-17', 'm', '754/ne', '123458817', '2015-02-25', 0, 0),
('409', 0, 15, 'Lartey Abena', '', '2013-12-09', 'f', '893/ne', '123457642', '2015-02-25', 0, 0),
('410', 0, 17, 'Adu Kwabena', '', '2013-01-01', 'm', '550/14', '123452693', '2015-02-25', 0, 0),
('411', 0, 17, 'Lartey Kwabena', '', '2014-02-16', 'm', '612/ne', '123452459', '2015-02-25', 0, 0),
('412', 0, 17, 'Addo Kwaku', '', '2013-08-08', 'm', '708/ne', '123456752', '2015-02-25', 0, 0),
('413', 0, 16, 'Otu Kojo', '', '2013-01-01', 'm', '210/14', '123457319', '2015-02-25', 0, 0),
('414', 0, 16, 'Otu Kwabena', '', '2012-12-23', 'm', '42/ne', '123455311', '2015-02-25', 0, 0),
('415', 0, 18, 'Mensah Kofi', '', '2011-05-10', 'm', '424/ne', '123457411', '2015-02-25', 0, 0),
('416', 0, 16, 'Yeboah Kojo', '', '2013-01-01', 'm', '915/14', '123459152', '2015-02-25', 0, 0),
('417', 0, 17, 'Yeboah Abena', '', '1962-01-01', 'f', '580/09', '123450746', '2015-02-25', 0, 0),
('418', 0, 18, 'Appiah Kojo', '', '2011-01-01', 'm', '926/14', '123458036', '2015-02-25', 0, 0),
('419', 0, 18, 'Yeboah Yaa', '', '1977-01-01', 'f', '888/24', '123455590', '2015-02-25', 0, 0),
('420', 0, 15, 'Ofori Akua', '', '2009-01-01', 'f', '828/11', '123459588', '2015-02-25', 0, 0),
('421', 0, 18, 'Tetteh Abena', '', '2000-01-01', 'f', '776/13', '123457913', '2015-02-25', 0, 0),
('422', 0, 18, 'Amoh Kwaku', '', '1984-01-01', 'm', '336/14', '123459959', '2015-02-25', 0, 0),
('423', 0, 17, 'Ofori Kwabena', '', '2006-01-01', 'm', '822/12', '123458596', '2015-02-25', 0, 0),
('424', 0, 18, 'Otu Akua', '', '1969-01-01', 'f', '884/23', '123459107', '2015-02-25', 0, 0),
('425', 0, 18, 'Tetteh Kwaku', '', '2012-08-29', 'm', '480/13', '123451000', '2015-02-25', 0, 0),
('426', 0, 16, 'Addo Kwaku', '', '2009-01-01', 'm', '340/13', '123452915', '2015-02-25', 0, 0),
('427', 0, 18, 'Amoh Yaa', '', '2012-01-01', 'f', '89/14', '123451099', '2015-02-26', 0, 0),
('428', 0, 15, 'Amoh Akua', '', '1964-01-01', 'f', '255/11', '123455819', '2015-02-26', 0, 0),
('429', 0, 17, 'Lartey Kwaku', '', '2001-01-01', 'm', '107/12', '123452389', '2015-02-26', 0, 0),
('430', 0, 15, 'Tetteh Kojo', '', '2012-01-01', 'm', '470/13', '123452511', '2015-02-26', 0, 0),
('431', 0, 17, 'Yeboah Abena', '', '2012-01-01', 'f', '954/12', '123453770', '2015-02-26', 0, 0),
('432', 0, 16, 'Amoh Kwaku', '', '1964-01-01', 'm', '53/14', '123458400', '2015-02-26', 0, 0),
('433', 0, 16, 'Yeboah Yaa', '', '2012-01-01', 'f', '574/13', '123454775', '2015-02-26', 0, 0),
('434', 0, 16, 'Adu Kwaku', '', '1944-01-01', 'm', '592/12', '123451280', '2015-02-26', 0, 0),
('435', 0, 18, 'Mensah Janet', '', '1979-01-01', 'f', '93/10', '123453901', '2015-02-26', 0, 0),
('436', 0, 15, 'Mensah Janet', '', '1987-01-01', 'f', '572/09', '123451873', '2015-02-26', 0, 0),
('437', 0, 17, 'Mensah Kofi', '', '2008-01-01', 'm', '195/09', '123450534', '2015-02-26', 0, 0),
('438', 0, 15, 'Tetteh Akua', '', '2011-01-01', 'f', '676/12', '123451726', '2015-02-26', 0, 0),
('439', 0, 16, 'Lartey Akua', '', '2013-01-01', 'f', '963/13', '123457440', '2015-02-26', 0, 0),
('440', 0, 15, 'Appiah Janet', '', '2010-01-01', 'f', '693/13', '123457597', '2015-02-26', 0, 0),
('441', 0, 17, 'Lartey Kofi', '', '2013-01-01', 'm', '917/14', '123455620', '2015-02-26', 0, 0),
('442', 0, 16, 'Tetteh Janet', '', '1954-01-01', 'f', '91/11', '123453927', '2015-02-26', 0, 0),
('443', 0, 17, 'Addo Abena', '', '1981-01-01', 'f', '772/14', '123450672', '2015-02-26', 0, 0),
('444', 0, 16, 'Adu Kwaku', '', '2010-01-01', 'm', '150/11', '123454592', '2015-02-26', 0, 0),
('445', 0, 15, 'Amoh Kwaku', '', '1990-01-01', 'm', '647/14', '123451449', '2015-02-26', 0, 0),
('446', 0, 18, 'Tetteh Kwaku', '', '2013-06-01', 'm', '442/14', '123459576', '2015-02-26', 0, 0),
('447', 0, 16, 'Otu Kwaku', '', '2013-08-01', 'm', '770/14', '123454874', '2015-02-26', 0, 0),
('448', 0, 16, 'Yeboah Kwaku', '', '1958-01-01', 'm', '559/12', '123453495', '2015-02-26', 0, 0),
('449', 0, 16, 'Ofori Yaa', '', '1976-01-01', 'f', '670/14', '123459348', '2015-02-26', 0, 0),
('450', 0, 17, 'Lartey Kofi', '', '2013-01-01', 'm', '878/13', '123450092', '2015-02-26', 0, 0),
('451', 0, 17, 'Amoh Kwabena', '', '1989-01-01', 'm', '630/13', '123450517', '2015-02-26', 0, 0),
('452', 0, 16, 'Addo Kojo', '', '1969-01-01', 'm', '102/14', '123451721', '2015-02-26', 0, 0),
('453', 0, 16, 'Amoh Yaa', '', '2005-01-01', 'f', '522/14', '123456104', '2015-03-04', 0, 0),
('454', 0, 16, 'Yeboah Kofi', '', '1980-01-01', 'm', '199/14', '123457654', '2015-03-04', 0, 0),
('455', 0, 17, 'Appiah Akua', '', '1991-01-01', 'f', '661/13', '123454547', '2015-03-04', 0, 0),
('456', 0, 18, 'Tetteh Akua', '', '1945-01-01', 'f', '247/13', '123457744', '2015-03-04', 0, 0),
('457', 0, 18, 'Otu Akua', '', '1996-01-01', 'f', '41926', '123451363', '2015-03-04', 0, 0),
('458', 0, 16, 'Amoh Janet', '', '1984-01-01', 'f', '41865', '123454180', '2015-03-04', 0, 0),
('459', 0, 15, 'Tetteh Kwabena', '', '1965-01-01', 'm', '310/14', '123458999', '2015-03-04', 0, 0),
('460', 0, 17, 'Ofori Abena', '', '1990-01-01', 'f', '846/14', '123456276', '2015-03-04', 0, 0),
('461', 0, 16, 'Adu Akua', '', '2010-01-01', 'f', '323/12', '123455063', '2015-03-04', 0, 0),
('462', 0, 17, 'Yeboah Kojo', '', '1998-01-01', 'm', '250/14', '123450501', '2015-03-04', 0, 0),
('463', 0, 15, 'Tetteh Kojo', '', '2008-01-01', 'm', '251/10', '123458291', '2015-03-04', 0, 0),
('464', 0, 15, 'Adu Akua', '', '2003-01-01', 'f', '218/13', '123456305', '2015-03-04', 0, 0),
('465', 0, 15, 'Tetteh Abena', '', '1986-01-01', 'f', '190/14', '123453443', '2015-03-05', 0, 0),
('466', 0, 18, 'Ofori Yaa', '', '2009-01-01', 'f', '109/13', '123452961', '2015-03-05', 0, 0),
('467', 0, 16, 'Yeboah Kwabena', '', '2013-01-01', 'm', '598/13', '123451960', '2015-03-05', 0, 0),
('468', 0, 16, 'Amoh Yaa', '', '2008-01-01', 'f', '144/14', '123455554', '2015-03-05', 0, 0),
('469', 0, 15, 'Mensah Abena', '', '1969-01-01', 'f', '381/12', '123454866', '2015-03-07', 0, 0),
('470', 0, 15, 'Appiah Abena', '', '1987-01-01', 'f', '766/12', '123456907', '2015-03-07', 0, 0),
('471', 0, 18, 'Appiah Kwaku', '', '1978-01-01', 'm', '763/12', '123459594', '2015-03-07', 0, 0),
('472', 0, 16, 'Yeboah Yaa', '', '1928-01-01', 'f', '330/12', '123456338', '2015-03-07', 0, 0),
('473', 0, 17, 'Adu Abena', '', '2006-01-01', 'f', '925/14', '123452413', '2015-03-07', 0, 0),
('474', 0, 18, 'Ofori Kwabena', '', '1994-01-01', 'm', '451/14', '123453009', '2015-03-07', 0, 0),
('475', 0, 15, 'Amoh Janet', '', '1983-01-01', 'f', '542/13', '123454845', '2015-03-07', 0, 0),
('476', 0, 16, 'Addo Akua', '', '1994-01-01', 'f', '232/14', '123451204', '2015-03-07', 0, 0),
('477', 0, 17, 'Lartey Abena', '', '1981-01-01', 'f', '861/14', '123452555', '2015-03-07', 0, 0),
('478', 0, 15, 'Tetteh Kwaku', '', '1989-01-01', 'm', '606/14', '123451313', '2015-03-07', 0, 0),
('479', 0, 18, 'Otu Janet', '', '2011-11-27', 'f', '756/ne', '123452568', '2015-03-10', 0, 0),
('480', 0, 17, 'Appiah Akua', '', '2012-12-09', 'f', '4/ne', '123456292', '2015-03-10', 0, 0),
('481', 0, 15, 'Lartey Yaa', '', '2012-05-08', 'f', '263/ne', '123456122', '2015-03-10', 0, 0),
('482', 0, 18, 'Addo Abena', '', '2012-05-08', 'f', '903/ne', '123455106', '2015-03-10', 0, 0),
('483', 0, 17, 'Lartey Kwaku', '', '2011-02-01', 'm', '736/ne', '123454345', '2015-03-10', 0, 0),
('484', 0, 15, 'Yeboah Kofi', '', '2012-11-11', 'm', '519/ne', '123454148', '2015-03-10', 0, 0),
('485', 0, 16, 'Amoh Abena', '', '2012-04-21', 'f', '288/ne', '123457712', '2015-03-10', 0, 0),
('486', 0, 16, 'Mensah Akua', '', '2013-02-25', 'f', '457/ne', '123452377', '2015-03-10', 0, 0),
('487', 0, 17, 'Tetteh Kojo', '', '2013-08-16', 'm', '253/ne', '123456758', '2015-03-10', 0, 0),
('488', 0, 16, 'Otu Kofi', '', '2013-12-28', 'm', '610/ne', '123450502', '2015-03-10', 0, 0),
('489', 0, 17, 'Mensah Kwaku', '', '2008-01-01', 'm', '265/10', '123459873', '2015-03-12', 0, 0),
('490', 0, 17, 'Addo Kojo', '', '2011-01-01', 'm', '315/14', '123451697', '2015-03-12', 0, 0),
('491', 0, 17, 'Mensah Akua', '', '2011-01-01', 'f', '726/12', '123459016', '2015-03-12', 0, 0),
('492', 0, 18, 'Otu Janet', '', '1993-01-01', 'f', '967/14', '123450116', '2015-03-12', 0, 0),
('493', 0, 16, 'Ofori Kwabena', '', '2003-01-01', 'm', '202/13', '123455808', '2015-03-12', 0, 0),
('494', 0, 17, 'Tetteh Yaa', '', '2008-04-24', 'f', '178/08', '123458977', '2015-03-12', 0, 0),
('495', 0, 17, 'Tetteh Abena', '', '2012-01-01', 'f', '233/13', '123451390', '2015-03-12', 0, 0),
('496', 0, 17, 'Lartey Abena', '', '1984-01-01', 'f', '477/14', '123452666', '2015-03-12', 0, 0),
('497', 0, 15, 'Amoh Akua', '', '2012-01-01', 'f', '508/11', '123453337', '2015-03-12', 0, 0),
('498', 0, 17, 'Adu Kwaku', '', '2013-01-01', 'm', '436/13', '123451567', '2015-03-12', 0, 0),
('499', 0, 15, 'Ofori Kwaku', '', '2009-01-01', 'm', '751/11', '123451328', '2015-03-12', 0, 0),
('500', 0, 15, 'Lartey Janet', '', '1984-01-01', 'f', '153/14', '123454465', '2015-03-12', 0, 0),
('501', 0, 18, 'Lartey Akua', '', '1964-01-01', 'f', '271/12', '123458670', '2015-03-12', 0, 0),
('502', 0, 18, 'Ofori Abena', '', '2013-01-01', 'f', '63/13', '123453203', '2015-03-12', 0, 0),
('503', 0, 15, 'Adu Janet', '', '2012-01-01', 'f', '350/13', '123459148', '2015-03-12', 0, 0),
('504', 0, 17, 'Lartey Kwabena', '', '2013-05-20', 'm', '303/ne', '123452613', '2015-03-12', 0, 0),
('505', 0, 17, 'Amoh Abena', '', '2013-05-15', 'f', '360/ne', '123454725', '2015-03-12', 0, 0),
('506', 0, 18, 'Tetteh Kwaku', '', '2013-12-01', 'm', '678/14', '123455205', '2015-03-12', 0, 0),
('507', 0, 18, 'Lartey Kwaku', '', '2013-05-28', 'm', '550/ne', '123459514', '2015-03-12', 0, 0),
('508', 0, 16, 'Ofori Janet', '', '2013-12-15', 'f', '742/ne', '123455232', '2015-03-12', 0, 0),
('509', 0, 18, 'Addo Kwaku', '', '2013-04-09', 'm', '491/ne', '123451069', '2015-03-12', 0, 0),
('510', 0, 16, 'Addo Kofi', '', '2013-04-02', 'm', '730/ne', '123453643', '2015-03-12', 0, 0),
('511', 0, 16, 'Tetteh Akua', '', '1972-01-01', 'f', '884/13', '123453821', '2015-03-14', 0, 0),
('512', 0, 18, 'Amoh Kofi', '', '1996-07-25', 'm', '638/14', '123454082', '2015-03-14', 0, 0),
('513', 0, 15, 'Tetteh Kwaku', '', '1984-01-01', 'm', '515/14', '123452698', '2015-03-14', 0, 0),
('514', 0, 16, 'Lartey Kwaku', '', '2006-01-01', 'm', '228/14', '123457395', '2015-03-14', 0, 0),
('515', 0, 15, 'Amoh Janet', '', '1986-01-01', 'f', '727/12', '123454255', '2015-03-14', 0, 0),
('516', 0, 17, 'Mensah Kojo', '', '2003-01-01', 'm', '170/13', '123450520', '2015-03-14', 0, 0),
('517', 0, 18, 'Amoh Akua', '', '1985-01-01', 'f', '605/14', '123450317', '2015-03-14', 0, 0),
('518', 0, 18, 'Addo Kwaku', '', '1976-01-01', 'm', '427/14', '123456858', '2015-03-14', 0, 0),
('519', 0, 18, 'Otu Kwaku', '', '1972-01-01', 'm', '397/11', '123453600', '2015-03-14', 0, 0),
('520', 0, 18, 'Tetteh Kwabena', '', '2011-01-01', 'm', '332/12', '123459567', '2015-03-14', 0, 0),
('521', 0, 17, 'Mensah Janet', '', '2011-01-01', 'f', '564/11', '123459903', '2015-03-14', 0, 0),
('522', 0, 18, 'Lartey Yaa', '', '1943-01-01', 'f', '430/13', '123459449', '2015-03-17', 0, 0),
('523', 0, 17, 'Tetteh Janet', '', '1940-01-01', 'f', '175/11', '123456475', '2015-03-17', 0, 0),
('524', 0, 18, 'Otu Akua', '', '1995-01-01', 'f', '790/13', '123457254', '2015-03-17', 0, 0),
('525', 0, 16, 'Yeboah Janet', '', '2011-01-01', 'f', '919/11', '123459370', '2015-03-17', 0, 0),
('526', 0, 17, 'Lartey Akua', '', '1959-01-01', 'f', '423/09', '123451135', '2015-03-17', 0, 0),
('527', 0, 18, 'Adu Yaa', '', '2011-09-04', 'f', '78/ne', '123452635', '2015-03-18', 0, 0);
INSERT INTO `community_members` (`community_member_id`, `serial_no`, `community_id`, `community_member_surname`, `community_member_other_names`, `birthdate`, `gender`, `card_no`, `nhis_id`, `nhis_expiry_date`, `rec_state`, `is_birthdate_confirmed`) VALUES
('528', 0, 15, 'Amoh Kojo', '', '2013-08-12', 'm', '938/14', '123456420', '2015-03-20', 0, 0),
('529', 0, 15, 'Amoh Kojo', '', '2013-05-16', 'm', '659/ne', '123451796', '2015-03-20', 0, 0),
('530', 0, 18, 'Appiah Akua', '', '2013-06-03', 'f', '480/ne', '123453222', '2015-03-20', 0, 0),
('531', 0, 15, 'Appiah Janet', '', '2012-01-01', 'f', '229/14', '123456790', '2015-03-20', 0, 0),
('532', 0, 17, 'Mensah Kofi', '', '2013-09-26', 'm', '726/ne', '123457049', '2015-03-20', 0, 0),
('533', 0, 15, 'Ofori Janet', '', '2012-12-09', 'f', '534/ne', '123451708', '2015-03-20', 0, 0),
('534', 0, 17, 'Addo Kojo', '', '2011-12-11', 'm', '643/ne', '123457093', '2015-03-20', 0, 0),
('535', 0, 18, 'Tetteh Yaa', '', '2014-02-09', 'f', '487/ne', '123450726', '2015-03-25', 0, 0),
('536', 0, 15, 'Yeboah Kojo', '', '2013-01-01', 'm', '692/13', '123454958', '2015-03-27', 0, 0),
('537', 0, 15, 'Ofori Janet', '', '2013-09-06', 'f', '121/ne', '123457533', '2015-03-27', 0, 0),
('538', 0, 15, 'Yeboah Akua', '', '2013-06-05', 'f', '25/ne', '123452326', '2015-03-27', 0, 0),
('539', 0, 16, 'Addo Janet', '', '2014-01-08', 'f', '874/ne', '123454728', '2015-03-27', 0, 0),
('540', 0, 18, 'Addo Akua', '', '2014-02-11', 'f', '815/ne', '123455094', '2015-03-27', 0, 0),
('541', 0, 15, 'Otu Akua', '', '1990-01-01', 'f', '16/12', '123451919', '2015-03-29', 0, 0),
('542', 0, 18, 'Appiah Akua', '', '1968-01-01', 'f', '23/68', '123453666', '2015-03-29', 0, 0),
('543', 0, 18, 'Otu Kwaku', '', '1949-01-01', 'm', '41953', '123455996', '2015-03-29', 0, 0),
('544', 0, 15, 'Tetteh Yaa', '', '1992-01-01', 'f', '123/14', '123452095', '2015-03-29', 0, 0),
('545', 0, 16, 'Ofori Kwaku', '', '2010-01-01', 'm', '989/11', '123453504', '2015-03-29', 0, 0),
('546', 0, 17, 'Otu Kwabena', '', '1996-01-01', 'm', '651/13', '123453572', '2015-03-29', 0, 0),
('547', 0, 17, 'Addo Kwaku', '', '1958-01-01', 'm', '935/14', '123453852', '2015-03-29', 0, 0),
('548', 0, 15, 'Appiah Kojo', '', '2013-05-01', 'm', '596/ne', '123459508', '2015-03-29', 0, 0),
('549', 0, 15, 'Tetteh Abena', '', '2012-01-01', 'f', '832/14', '123452262', '2015-03-29', 0, 0),
('550', 0, 17, 'Amoh Akua', '', '2013-07-17', 'f', '882/14', '123451844', '2015-03-29', 0, 0),
('551', 0, 18, 'Tetteh Kwaku', '', '2000-01-01', 'm', '695/11', '123454820', '2015-03-29', 0, 0),
('552', 0, 18, 'Addo Akua', '', '1961-01-01', 'f', '589/09', '123452743', '2015-03-29', 0, 0),
('553', 0, 16, 'Amoh Kofi', '', '2009-01-01', 'm', '569/14', '123453684', '2015-03-29', 0, 0),
('554', 0, 18, 'Mensah Abena', '', '1962-01-01', 'f', '79/14', '123455585', '2015-03-29', 0, 0),
('555', 0, 15, 'Lartey Kofi', '', '2005-01-01', 'm', '995/09', '123455465', '2015-03-29', 0, 0),
('556', 0, 16, 'Ofori Kofi', '', '2008-01-01', 'm', '256/14', '123454001', '2015-03-29', 0, 0),
('557', 0, 18, 'Lartey Kwaku', '', '1997-01-01', 'm', '64/14', '123456974', '2015-03-30', 0, 0),
('558', 0, 18, 'Mensah Yaa', '', '1979-01-01', 'f', '211/14', '123451545', '2015-03-30', 0, 0),
('559', 0, 17, 'Appiah Kofi', '', '2001-01-01', 'm', '353/13', '123453032', '2015-03-30', 0, 0),
('560', 0, 17, 'Addo Janet', '', '1986-01-01', 'f', '459/14', '123451942', '2015-03-30', 0, 0),
('561', 0, 17, 'Otu Kwaku', '', '1948-01-01', 'm', '442/13', '123451062', '2015-03-30', 0, 0),
('562', 0, 17, 'Otu Abena', '', '2010-01-01', 'f', '870/13', '123452824', '2015-03-30', 0, 0),
('563', 0, 16, 'Otu Abena', '', '2008-01-01', 'f', '698/11', '123450125', '2015-03-30', 0, 0),
('564', 0, 17, 'Addo Kwaku', '', '2007-01-01', 'm', '203/14', '123457088', '2015-03-30', 0, 0),
('565', 0, 16, 'Otu Janet', '', '2010-01-01', 'f', '538/10', '123454404', '2015-03-30', 0, 0),
('566', 0, 16, 'Adu Kojo', '', '2012-01-01', 'm', '94/12', '123458733', '2015-03-30', 0, 0),
('567', 0, 17, 'Ofori Kwaku', '', '1992-01-01', 'm', '87/14', '123452939', '2015-03-30', 0, 0),
('568', 0, 17, 'Ofori Janet', '', '1967-01-01', 'f', '718/13', '123450461', '2015-03-30', 0, 0),
('569', 0, 17, 'Tetteh Kwaku', '', '2008-01-01', 'm', '562/08', '123458553', '2015-03-30', 0, 0),
('570', 0, 15, 'Amoh Yaa', '', '2007-01-01', 'f', '289/12', '123456958', '2015-03-30', 0, 0),
('571', 0, 15, 'Ofori Yaa', '', '1986-01-01', 'f', '679/10', '123451924', '2015-03-30', 0, 0),
('572', 0, 15, 'Ofori Janet', '', '2012-01-01', 'f', '430/14', '123453672', '2015-03-30', 0, 0),
('573', 0, 17, 'Ofori Abena', '', '1966-01-01', 'f', '985/14', '123455127', '2015-03-30', 0, 0),
('574', 0, 18, 'Tetteh Abena', '', '2012-01-01', 'f', '559/14', '123453734', '2015-03-30', 0, 0),
('575', 0, 18, 'Otu Kofi', '', '2004-01-01', 'm', '740/08', '123452332', '2015-03-30', 0, 0),
('576', 0, 18, 'Adu Kojo', '', '1953-01-01', 'm', '691/14', '123453261', '2015-04-05', 0, 0),
('577', 0, 17, 'Addo Janet', '', '2010-01-01', 'f', '348/14', '123454016', '2015-04-05', 0, 0),
('578', 0, 18, 'Tetteh Kwabena', '', '2013-10-01', 'm', '295/14', '123454088', '2015-04-05', 0, 0),
('579', 0, 15, 'Amoh Kwaku', '', '2004-01-01', 'm', '206/10', '123459546', '2015-04-05', 0, 0),
('580', 0, 16, 'Addo Kwaku', '', '2014-02-01', 'm', '508/13', '123458354', '2015-04-05', 0, 0),
('581', 0, 17, 'Otu Kofi', '', '2007-01-01', 'm', '757/11', '123450667', '2015-04-05', 0, 0),
('582', 0, 15, 'Adu Kwaku', '', '1988-01-01', 'm', '950/14', '123459387', '2015-04-05', 0, 0),
('583', 0, 15, 'Otu Janet', '', '2000-01-01', 'f', '538/14', '123454041', '2015-04-05', 0, 0),
('584', 0, 16, 'Lartey Kwabena', '', '2013-09-01', 'm', '580/14', '123454035', '2015-04-05', 0, 0),
('585', 0, 15, 'Otu Janet', '', '2008-01-01', 'f', '551/13', '123450637', '2015-04-05', 0, 0),
('586', 0, 17, 'Amoh Abena', '', '2000-01-01', 'f', '955/14', '123459566', '2015-04-05', 0, 0),
('587', 0, 16, 'Adu Kofi', '', '2012-01-01', 'm', '296/12', '123454766', '2015-04-05', 0, 0),
('588', 0, 17, 'Tetteh Janet', '', '1963-01-01', 'f', '145/14', '123452864', '2015-04-05', 0, 0),
('589', 0, 15, 'Lartey Janet', '', '2010-01-01', 'f', '979/12', '123459927', '2015-04-05', 0, 0),
('590', 0, 15, 'Adu Kofi', '', '2012-01-01', 'm', '671/12', '123455806', '2015-04-05', 0, 0),
('591', 0, 15, 'Tetteh Yaa', '', '2011-01-01', 'f', '966/14', '123458538', '2015-04-05', 0, 0),
('592', 0, 17, 'Appiah Janet', '', '2013-03-18', 'f', '625/ne', '123459937', '2015-04-14', 0, 0),
('593', 0, 15, 'Tetteh Kwabena', '', '2013-05-22', 'm', '31/ne', '123453338', '2015-04-14', 0, 0),
('594', 0, 15, 'Lartey Kofi', '', '2014-02-14', 'm', '341/ne', '123456680', '2015-04-14', 0, 0),
('595', 0, 17, 'Lartey Yaa', '', '2014-01-01', 'f', '716/14', '123450922', '2015-04-14', 0, 0),
('596', 0, 16, 'Ofori Abena', '', '2014-02-22', 'f', '851/ne', '123459578', '2015-04-14', 0, 0),
('597', 0, 15, 'Yeboah Abena', '', '2014-02-03', 'f', '420/ne', '123457907', '2015-04-14', 0, 0),
('598', 0, 17, 'Lartey Kwaku', '', '2013-12-30', 'm', '220/ne', '123451600', '2015-04-14', 0, 0),
('599', 0, 18, 'Adu Akua', '', '2014-04-05', 'f', '892/ne', '123454682', '2015-04-15', 0, 0),
('600', 0, 17, 'Lartey Janet', '', '2014-04-01', 'f', '616/ne', '123456871', '2015-04-15', 0, 0),
('601', 0, 15, 'Yeboah Kwaku', '', '2014-03-26', 'm', '730/ne', '123458341', '2015-04-15', 0, 0),
('602', 0, 17, 'Adu Abena', '', '2013-10-03', 'f', '389/ne', '123458909', '2015-04-15', 0, 0),
('603', 0, 18, 'Appiah Kwaku', '', '2013-06-20', 'm', '855/ne', '123454558', '2015-04-15', 0, 0),
('604', 0, 15, 'Amoh Abena', '', '2013-05-06', 'f', '749/ne', '123456209', '2015-04-15', 0, 0),
('605', 0, 16, 'Appiah Abena', '', '2012-12-03', 'f', '585/ne', '123455710', '2015-04-16', 0, 0),
('606', 0, 16, 'Appiah Kofi', '', '2012-11-20', 'm', '787/ne', '123451008', '2015-04-16', 0, 0),
('607', 0, 17, 'Otu Yaa', '', '2011-11-09', 'f', '378/ne', '123451800', '2015-04-16', 0, 0),
('608', 0, 18, 'Addo Kojo', '', '2013-01-01', 'm', '662/ne', '123456100', '2015-04-16', 0, 0),
('609', 0, 17, 'Appiah Akua', '', '2013-03-31', 'f', '66/ne', '123453319', '2015-04-16', 0, 0),
('610', 0, 18, 'Ofori Janet', '', '2013-04-09', 'f', '813/ne', '123458747', '2015-04-16', 0, 0),
('611', 0, 17, 'Appiah Kwabena', '', '2013-06-23', 'm', '411/ne', '123451719', '2015-04-16', 0, 0),
('612', 0, 17, 'Ofori Kwaku', '', '2014-02-27', 'm', '495/ne', '123453372', '2015-04-16', 0, 0),
('613', 0, 16, 'Amoh Akua', '', '2013-07-01', 'f', '185/ne', '123459780', '2015-04-16', 0, 0),
('614', 0, 16, 'Lartey Kwabena', '', '2014-03-31', 'm', '556/ne', '123458332', '2015-04-16', 0, 0),
('615', 0, 16, 'Tetteh Janet', '', '2012-09-14', 'f', '49/ne', '123456233', '2015-04-17', 0, 0),
('616', 0, 16, 'Otu Janet', '', '2012-11-01', 'f', '967/ne', '123459162', '2015-04-17', 0, 0),
('617', 0, 16, 'Adu Yaa', '', '2013-12-31', 'f', '245/ne', '123454472', '2015-04-17', 0, 0),
('618', 0, 15, 'Tetteh Kofi', '', '2012-01-01', 'm', '694/12', '123455547', '2015-04-27', 0, 0),
('619', 0, 16, 'Mensah Abena', '', '1982-01-01', 'f', '581/14', '123453521', '2015-04-27', 0, 0),
('620', 0, 16, 'Ofori Kwaku', '', '2010-01-01', 'm', '365/13', '123457446', '2015-04-27', 0, 0),
('621', 0, 18, 'Amoh Kojo', '', '2011-01-01', 'm', '922/12', '123458474', '2015-04-27', 0, 0),
('622', 0, 18, 'Otu Abena', '', '1980-01-01', 'f', '124/14', '123450589', '2015-04-27', 0, 0),
('623', 0, 18, 'Yeboah Kofi', '', '1987-01-01', 'm', '253/14', '123457878', '2015-04-27', 0, 0),
('624', 0, 17, 'Mensah Kojo', '', '1998-01-01', 'm', '389/14', '123453492', '2015-04-27', 0, 0),
('625', 0, 18, 'Appiah Akua', '', '2000-01-01', 'f', '297/14', '123450273', '2015-04-27', 0, 0),
('626', 0, 16, 'Tetteh Abena', '', '1994-01-01', 'f', '283/14', '123452131', '2015-04-27', 0, 0),
('627', 0, 16, 'Ofori Akua', '', '1992-01-01', 'f', '621/14', '123451135', '2015-04-27', 0, 0),
('628', 0, 15, 'Amoh Abena', '', '2011-01-01', 'f', '540/12', '123452701', '2015-04-27', 0, 0),
('629', 0, 18, 'Tetteh Abena', '', '1999-01-01', 'f', '774/14', '123452785', '2015-04-27', 0, 0),
('630', 0, 16, 'Tetteh Akua', '', '1948-11-11', 'f', '793/14', '123455764', '2015-04-27', 0, 0),
('631', 0, 18, 'Yeboah Janet', '', '2012-01-01', 'f', '600/14', '123452612', '2015-04-27', 0, 0),
('632', 0, 17, 'Appiah Kofi', '', '2008-01-01', 'm', '737/13', '123454286', '2015-04-27', 0, 0),
('633', 0, 15, 'Adu Abena', '', '1973-01-01', 'f', '851/10', '123453772', '2015-04-27', 0, 0),
('634', 0, 17, 'Amoh Kwaku', '', '1980-01-01', 'm', '887/14', '123452450', '2015-04-27', 0, 0),
('635', 0, 15, 'Addo Kojo', '', '2008-07-01', 'm', '381/08', '123459757', '2015-04-27', 0, 0),
('636', 0, 15, 'Tetteh Akua', '', '2002-01-01', 'f', '621/09', '123454308', '2015-04-27', 0, 0),
('637', 0, 15, 'Appiah Abena', '', '1989-01-01', 'f', '772/14', '123459267', '2015-04-27', 0, 0),
('638', 0, 15, 'Mensah Akua', '', '1997-01-01', 'f', '958/14', '123453851', '2015-04-27', 0, 0),
('639', 0, 15, 'Appiah Kwabena', '', '2013-01-01', 'm', '185/14', '123452414', '2015-04-27', 0, 0),
('640', 0, 18, 'Amoh Kwaku', '', '1988-01-01', 'm', '751/14', '123455471', '2015-04-27', 0, 0),
('641', 0, 17, 'Tetteh Yaa', '', '2004-01-01', 'f', '602/11', '123456726', '2015-04-27', 0, 0),
('642', 0, 18, 'Mensah Janet', '', '2002-01-01', 'f', '517/08', '123450416', '2015-04-27', 0, 0),
('643', 0, 15, 'Appiah Janet', '', '1995-01-01', 'f', '246/14', '123451643', '2015-04-27', 0, 0),
('644', 0, 15, 'Lartey Kojo', '', '2009-01-01', 'm', '120/12', '123456101', '2015-04-28', 0, 0),
('645', 0, 15, 'Tetteh Yaa', '', '1940-01-01', 'f', '418/12', '123459662', '2015-04-28', 0, 0),
('646', 0, 16, 'Amoh Kojo', '', '2007-01-01', 'm', '424/09', '123459724', '2015-04-28', 0, 0),
('647', 0, 17, 'Lartey Yaa', '', '1999-01-01', 'f', '750/12', '123451498', '2015-04-28', 0, 0),
('648', 0, 15, 'Yeboah Kofi', '', '1972-01-01', 'm', '374/37', '123451415', '2015-04-28', 0, 0),
('649', 0, 17, 'Yeboah Abena', '', '1990-01-01', 'f', '821/38', '123456705', '2015-04-28', 0, 0),
('650', 0, 18, 'Yeboah Yaa', '', '2008-01-01', 'f', '319/12', '123458895', '2015-04-28', 0, 0),
('651', 0, 16, 'Tetteh Kwaku', '', '1958-01-01', 'm', '685/11', '123458194', '2015-04-28', 0, 0),
('652', 0, 18, 'Adu Abena', '', '1986-01-01', 'f', '398/14', '123458024', '2015-04-28', 0, 0),
('653', 0, 18, 'Mensah Abena', '', '1974-01-01', 'f', '471/14', '123458415', '2015-04-28', 0, 0),
('654', 0, 16, 'Amoh Janet', '', '1970-01-01', 'f', '869/13', '123458340', '2015-04-28', 0, 0),
('655', 0, 18, 'Mensah Yaa', '', '2009-01-01', 'f', '357/14', '123451769', '2015-04-28', 0, 0),
('656', 0, 17, 'Addo Kwaku', '', '1974-01-01', 'm', '266/14', '123458498', '2015-04-28', 0, 0),
('657', 0, 17, 'Tetteh Kofi', '', '2013-01-01', 'm', '226/14', '123456100', '2015-04-28', 0, 0),
('658', 0, 18, 'Adu Abena', '', '2013-01-01', 'f', '792/13', '123458957', '2015-04-28', 0, 0),
('659', 0, 15, 'Addo Kwaku', '', '1956-01-01', 'm', '864/14', '123450624', '2015-04-28', 0, 0),
('660', 0, 15, 'Appiah Kwaku', '', '2011-01-01', 'm', '173/12', '123453809', '2015-04-28', 0, 0),
('661', 0, 15, 'Tetteh Kwaku', '', '1997-01-01', 'm', '983/12', '123450208', '2015-04-28', 0, 0),
('662', 0, 18, 'Yeboah Abena', '', '1978-01-01', 'f', '770/11', '123457401', '2015-04-28', 0, 0),
('663', 0, 18, 'Yeboah Janet', '', '2006-01-01', 'f', '841/08', '123450665', '2015-04-28', 0, 0),
('664', 0, 18, 'Tetteh Janet', '', '1971-01-01', 'f', '221/09', '123453911', '2015-04-28', 0, 0),
('665', 0, 16, 'Otu Akua', '', '2006-01-01', 'f', '724/10', '123450309', '2015-04-28', 0, 0),
('666', 0, 15, 'Addo Kwaku', '', '1939-01-01', 'm', '579/14', '123451008', '2015-04-28', 0, 0),
('667', 0, 18, 'Addo Yaa', '', '1985-05-05', 'f', '915/11', '123456523', '2015-04-28', 0, 0),
('668', 0, 16, 'Appiah Kwaku', '', '2013-08-01', 'm', '861/14', '123457442', '2015-04-28', 0, 0),
('669', 0, 18, 'Addo Abena', '', '1986-01-01', 'f', '959/08', '123459641', '2015-04-28', 0, 0),
('670', 0, 17, 'Otu Kwaku', '', '1974-01-01', 'm', '552/14', '123455658', '2015-04-28', 0, 0),
('671', 0, 15, 'Tetteh Akua', '', '1976-01-01', 'f', '100/14', '123454523', '2015-04-28', 0, 0),
('672', 0, 17, 'Addo Yaa', '', '2011-01-01', 'f', '752/11', '123454751', '2015-04-28', 0, 0),
('673', 0, 16, 'Yeboah Akua', '', '1983-01-01', 'f', '656/12', '123454835', '2015-04-29', 0, 0),
('674', 0, 17, 'Addo Janet', '', '2006-01-01', 'f', '579/08', '123452708', '2015-04-29', 0, 0),
('675', 0, 17, 'Yeboah Kofi', '', '2011-01-01', 'm', '497/14', '123455410', '2015-04-29', 0, 0),
('676', 0, 18, 'Lartey Janet', '', '2010-01-01', 'f', '64/11', '123455621', '2015-04-29', 0, 0),
('677', 0, 15, 'Adu Janet', '', '2012-01-01', 'f', '837/13', '123455180', '2015-04-29', 0, 0),
('678', 0, 18, 'Amoh Akua', '', '2013-01-01', 'f', '400/13', '123458946', '2015-04-29', 0, 0),
('679', 0, 15, 'Adu Kwaku', '', '1920-01-01', 'm', '228/13', '123452254', '2015-04-29', 0, 0),
('680', 0, 17, 'Addo Akua', '', '2011-01-01', 'f', '759/11', '123456420', '2015-04-29', 0, 0),
('681', 0, 16, 'Adu Yaa', '', '1979-01-01', 'f', '860/14', '123455763', '2015-04-29', 0, 0),
('682', 0, 18, 'Adu Abena', '', '2013-06-01', 'f', '953/14', '123459072', '2015-04-29', 0, 0),
('683', 0, 16, 'Mensah Janet', '', '1982-01-01', 'f', '227/12', '123455060', '2015-04-29', 0, 0),
('684', 0, 15, 'Otu Yaa', '', '1965-01-01', 'f', '314/13', '123450637', '2015-04-29', 0, 0),
('685', 0, 16, 'Tetteh Janet', '', '1979-01-01', 'f', '354/14', '123454495', '2015-04-29', 0, 0),
('686', 0, 15, 'Addo Kwaku', '', '1997-01-01', 'm', '892/13', '123456585', '2015-04-29', 0, 0),
('687', 0, 18, 'Ofori Janet', '', '1990-01-01', 'f', '295/14', '123458983', '2015-04-29', 0, 0),
('688', 0, 15, 'Yeboah Kwaku', '', '2009-01-01', 'm', '349/11', '123458915', '2015-04-29', 0, 0),
('689', 0, 18, 'Ofori Yaa', '', '2000-01-01', 'f', '458/14', '123451234', '2015-04-29', 0, 0),
('690', 0, 17, 'Mensah Akua', '', '1965-01-01', 'f', '648/13', '123452035', '2015-04-29', 0, 0),
('691', 0, 17, 'Adu Kwaku', '', '2005-01-01', 'm', '157/13', '123451387', '2015-04-29', 0, 0),
('692', 0, 17, 'Tetteh Kojo', '', '1992-01-01', 'm', '349/11', '123458169', '2015-04-29', 0, 0),
('693', 0, 18, 'Addo Akua', '', '1984-01-01', 'f', '139/13', '123456844', '2015-04-29', 0, 0),
('694', 0, 17, 'Adu Kwaku', '', '2012-01-01', 'm', '188/13', '123459825', '2015-04-29', 0, 0),
('695', 0, 15, 'Yeboah Kwaku', '', '1973-01-01', 'm', '702/11', '123450689', '2015-04-29', 0, 0),
('696', 0, 17, 'Tetteh Kwabena', '', '1951-01-01', 'm', '446/14', '123450695', '2015-04-29', 0, 0),
('697', 0, 16, 'Mensah Janet', '', '2013-01-01', 'f', '401/13', '123455373', '2015-04-29', 0, 0),
('698', 0, 15, 'Tetteh Janet', '', '2006-01-01', 'f', '829/14', '123454687', '2015-04-29', 0, 0),
('699', 0, 17, 'Lartey Kwaku', '', '2013-01-01', 'm', '637/13', '123456334', '2015-04-29', 0, 0),
('700', 0, 17, 'Ofori Kofi', '', '2013-08-25', 'm', '384/ne', '123456475', '2015-04-29', 0, 0),
('701', 0, 17, 'Otu Janet', '', '2014-03-20', 'f', '476/ne', '123456044', '2015-04-29', 0, 0),
('702', 0, 16, 'Ofori Yaa', '', '2014-04-28', 'f', '950/ne', '123450786', '2015-04-29', 0, 0),
('703', 0, 16, 'Tetteh Kwaku', '', '2013-07-09', 'm', '340/ne', '123459811', '2015-04-29', 0, 0),
('704', 0, 17, 'Amoh Kwaku', '', '2014-02-01', 'm', '808/ne', '123453377', '2015-04-29', 0, 0),
('705', 0, 18, 'Lartey Yaa', '', '2013-06-26', 'f', '172/ne', '123454402', '2015-04-29', 0, 0),
('706', 0, 17, 'Adu Yaa', '', '2013-10-14', 'f', '811/ne', '123451914', '2015-04-29', 0, 0),
('707', 0, 17, 'Tetteh Kojo', '', '2013-07-13', 'm', '561/ne', '123453555', '2015-04-29', 0, 0),
('708', 0, 15, 'Ofori Akua', '', '2013-08-28', 'f', '69/ne', '123457735', '2015-04-29', 0, 0),
('709', 0, 17, 'Appiah Yaa', '', '2013-06-24', 'f', '741/ne', '123450762', '2015-04-29', 0, 0),
('710', 0, 16, 'Mensah Abena', '', '2013-06-27', 'f', '402/ne', '123450711', '2015-04-29', 0, 0),
('711', 0, 17, 'Amoh Yaa', '', '2013-04-08', 'f', '645/ne', '123452986', '2015-04-29', 0, 0),
('712', 0, 17, 'Adu Abena', '', '2013-01-01', 'f', '444/ne', '123452289', '2015-04-29', 0, 0),
('713', 0, 18, 'Mensah Yaa', '', '1989-01-01', 'f', '107/08', '123450494', '2015-04-30', 0, 0),
('714', 0, 18, 'Lartey Janet', '', '1989-01-01', 'f', '84/12', '123458131', '2015-04-30', 0, 0),
('715', 0, 17, 'Mensah Kojo', '', '2011-01-01', 'm', '676/11', '123452340', '2015-04-30', 0, 0),
('716', 0, 17, 'Yeboah Kofi', '', '2012-01-01', 'm', '426/12', '123450866', '2015-04-30', 0, 0),
('717', 0, 16, 'Otu Janet', '', '2001-01-01', 'f', '83/14', '123450987', '2015-04-30', 0, 0),
('718', 0, 15, 'Amoh Janet', '', '1988-01-01', 'f', '926/14', '123451945', '2015-04-30', 0, 0),
('719', 0, 18, 'Amoh Akua', '', '1959-01-01', 'f', '539/13', '123452017', '2015-04-30', 0, 0),
('720', 0, 15, 'Ofori Yaa', '', '2010-01-01', 'f', '316/14', '123451609', '2015-04-30', 0, 0),
('721', 0, 18, 'Ofori Kojo', '', '2009-01-01', 'm', '897/14', '123450418', '2015-04-30', 0, 0),
('722', 0, 16, 'Ofori Kwaku', '', '1991-01-01', 'm', '798/14', '123453477', '2015-05-12', 0, 0),
('723', 0, 16, 'Tetteh Akua', '', '2006-08-18', 'f', '737/13', '123456185', '2015-05-12', 0, 0),
('724', 0, 17, 'Otu Yaa', '', '2008-01-01', 'f', '310/12', '123452071', '2015-05-12', 0, 0),
('725', 0, 15, 'Addo Abena', '', '1964-01-01', 'f', '47/12', '123456592', '2015-05-12', 0, 0),
('726', 0, 15, 'Tetteh Kofi', '', '2003-01-01', 'm', '661/11', '123455504', '2015-05-12', 0, 0),
('727', 0, 17, 'Otu Kojo', '', '1988-01-01', 'm', '985/14', '123454354', '2015-05-12', 0, 0),
('728', 0, 17, 'Mensah Yaa', '', '1991-01-01', 'f', '953/14', '123451169', '2015-05-12', 0, 0),
('729', 0, 17, 'Amoh Janet', '', '1999-01-01', 'f', '192/14', '123452185', '2015-05-14', 0, 0),
('730', 0, 15, 'Ofori Kwaku', '', '2010-01-01', 'm', '650/14', '123456533', '2015-05-14', 0, 0),
('731', 0, 18, 'Mensah Akua', '', '2012-01-01', 'f', '841/14', '123458257', '2015-05-14', 0, 0),
('732', 0, 18, 'Lartey Yaa', '', '1979-01-01', 'f', '373/13', '123454181', '2015-05-14', 0, 0),
('733', 0, 17, 'Ofori Abena', '', '2012-01-01', 'f', '231/12', '123452660', '2015-05-14', 0, 0),
('734', 0, 15, 'Amoh Kwaku', '', '2010-01-01', 'm', '153/13', '123451826', '2015-05-14', 0, 0),
('735', 0, 17, 'Ofori Kofi', '', '2010-01-01', 'm', '41862', '123453187', '2015-05-14', 0, 0),
('736', 0, 17, 'Mensah Kojo', '', '2013-05-29', 'm', '897/14', '123459372', '2015-05-14', 0, 0),
('737', 0, 16, 'Addo Kwaku', '', '2013-01-01', 'm', '983/71', '123451569', '2015-05-14', 0, 0),
('738', 0, 17, 'Yeboah Akua', '', '1999-01-01', 'f', '588/14', '123455707', '2015-05-14', 0, 0),
('739', 0, 18, 'Yeboah Kwaku', '', '1945-01-01', 'm', '379/14', '123456299', '2015-05-14', 0, 0),
('740', 0, 15, 'Ofori Yaa', '', '1990-01-01', 'f', '234/14', '123454966', '2015-05-26', 0, 0),
('741', 0, 16, 'Mensah Kwabena', '', '1974-01-01', 'm', '967/09', '123457993', '2015-05-26', 0, 0),
('742', 0, 18, 'Mensah Abena', '', '1923-01-01', 'f', '295/11', '123451117', '2015-05-26', 0, 0),
('743', 0, 15, 'Addo Kofi', '', '1949-01-01', 'm', '268/12', '123459963', '2015-05-26', 0, 0),
('744', 0, 18, 'Tetteh Kwaku', '', '1983-01-01', 'm', '541/13', '123456623', '2015-05-26', 0, 0),
('745', 0, 18, 'Lartey Kwaku', '', '1978-01-01', 'm', '506/14', '123456709', '2015-05-26', 0, 0),
('746', 0, 18, 'Ofori Akua', '', '2013-11-01', 'f', '509/14', '123456221', '2015-05-26', 0, 0),
('747', 0, 17, 'Ofori Kwabena', '', '2004-01-01', 'm', '547/10', '123451636', '2015-05-26', 0, 0),
('748', 0, 15, 'Appiah Janet', '', '1943-01-01', 'f', '311/14', '123459591', '2015-05-26', 0, 0),
('749', 0, 15, 'Tetteh Yaa', '', '1991-01-01', 'f', '460/14', '123458564', '2015-05-26', 0, 0),
('750', 0, 15, 'Yeboah Yaa', '', '2012-01-01', 'f', '551/12', '123452394', '2015-05-26', 0, 0),
('751', 0, 16, 'Mensah Akua', '', '1956-01-01', 'f', '483/14', '123454326', '2015-05-26', 0, 0),
('752', 0, 15, 'Lartey Janet', '', '2005-01-01', 'f', '251/14', '123456116', '2015-05-26', 0, 0),
('753', 0, 18, 'Addo Kojo', '', '1950-01-01', 'm', '647/14', '123451200', '2015-05-26', 0, 0),
('754', 0, 18, 'Addo Kwabena', '', '2006-01-01', 'm', '375/14', '123452782', '2015-05-29', 0, 0),
('755', 0, 15, 'Lartey Akua', '', '1985-01-01', 'f', '158/14', '123450968', '2015-05-29', 0, 0),
('756', 0, 17, 'Tetteh Kojo', '', '1952-01-01', 'm', '634/3A', '123450988', '2015-05-29', 0, 0),
('757', 0, 15, 'Otu Kwabena', '', '2011-01-01', 'm', '674/13', '123458447', '2015-05-29', 0, 0),
('758', 0, 17, 'Appiah Janet', '', '2009-01-01', 'f', '69/09', '123457994', '2015-05-29', 0, 0),
('759', 0, 15, 'Addo Kwabena', '', '1997-01-01', 'm', '392/11', '123457085', '2015-05-29', 0, 0),
('760', 0, 16, 'Lartey Kwaku', '', '2006-01-01', 'm', '624/12', '123453838', '2015-05-29', 0, 0),
('761', 0, 17, 'Ofori Yaa', '', '1960-01-01', 'f', '850/14', '123459754', '2015-05-29', 0, 0),
('762', 0, 18, 'Otu Akua', '', '1986-01-01', 'f', '15/5/', '123451681', '2015-05-29', 0, 0),
('763', 0, 15, 'Otu Yaa', '', '2008-01-01', 'f', '901/14', '123459660', '2015-05-29', 0, 0),
('764', 0, 18, 'Addo Abena', '', '1999-01-01', 'f', '655/14', '123454940', '2015-05-29', 0, 0),
('765', 0, 15, 'Yeboah Akua', '', '1981-01-01', 'f', '904/14', '123457782', '2015-05-29', 0, 0),
('766', 0, 15, 'Appiah Kwabena', '', '1971-01-01', 'm', '51/14', '123458395', '2015-05-29', 0, 0),
('767', 0, 16, 'Appiah Janet', '', '2003-01-01', 'f', '41712', '123459239', '2015-05-29', 0, 0),
('768', 0, 18, 'Lartey Kwaku', '', '2009-01-01', 'm', '843/12', '123454601', '2015-05-29', 0, 0),
('769', 0, 16, 'Tetteh Yaa', '', '1990-01-01', 'f', '427/14', '123455475', '2015-05-29', 0, 0),
('770', 0, 15, 'Addo Kwabena', '', '1996-01-01', 'm', '381/14', '123456656', '2015-05-29', 0, 0),
('771', 0, 17, 'Adu Kofi', '', '1987-01-01', 'm', '973/14', '123458708', '2015-05-29', 0, 0),
('772', 0, 18, 'Yeboah Yaa', '', '1994-01-01', 'f', '741/14', '123450244', '2015-05-29', 0, 0),
('773', 0, 18, 'Tetteh Abena', '', '1977-01-01', 'f', '946/14', '123451654', '2015-05-29', 0, 0),
('774', 0, 15, 'Otu Kwaku', '', '1995-01-01', 'm', '643/14', '123452810', '2015-05-30', 0, 0),
('775', 0, 18, 'Appiah Kwaku', '', '1960-01-01', 'm', '363/14', '123456288', '2015-05-30', 0, 0),
('776', 0, 15, 'Adu Abena', '', '1988-01-01', 'f', '610/14', '123453948', '2015-05-30', 0, 0),
('777', 0, 18, 'Amoh Kwaku', '', '2013-08-25', 'm', '31/14', '123451348', '2015-05-30', 0, 0),
('778', 0, 16, 'Lartey Kwaku', '', '1975-01-01', 'm', '375/13', '123452794', '2015-05-30', 0, 0),
('779', 0, 17, 'Ofori Janet', '', '1981-01-01', 'f', '755/12', '123453512', '2015-05-30', 0, 0),
('780', 0, 15, 'Otu Kwaku', '', '1977-01-01', 'm', '607/14', '123456159', '2015-05-30', 0, 0),
('781', 0, 16, 'Yeboah Akua', '', '1996-01-01', 'f', '663/14', '123459170', '2015-05-30', 0, 0),
('782', 0, 16, 'Otu Kwaku', '', '1961-01-01', 'm', '889/14', '123457537', '2015-05-30', 0, 0),
('783', 0, 15, 'Mensah Kwaku', '', '1998-01-01', 'm', '523/14', '123457481', '2015-05-30', 0, 0),
('784', 0, 16, 'Otu Kwabena', '', '2011-01-01', 'm', '453/14', '123457646', '2015-05-30', 0, 0),
('785', 0, 18, 'Ofori Kwabena', '', '2012-08-26', 'm', '777/14', '123459154', '2015-05-30', 0, 0),
('786', 0, 16, 'Ofori Kwabena', '', '2006-01-01', 'm', '87/14', '123450736', '2015-05-30', 0, 0),
('787', 0, 16, 'Yeboah Abena', '', '2004-01-01', 'f', '452/13', '123456406', '2015-05-31', 0, 0),
('788', 0, 15, 'Amoh Abena', '', '1942-01-01', 'f', '224/10', '123457592', '2015-05-31', 0, 0),
('789', 0, 17, 'Amoh Kojo', '', '1971-01-01', 'm', '940/12', '123450193', '2015-05-31', 0, 0),
('790', 0, 17, 'Amoh Kofi', '', '2007-01-01', 'm', '636/12', '123459858', '2015-05-31', 0, 0),
('791', 0, 15, 'Lartey Akua', '', '1998-01-01', 'f', '85/14', '123456274', '2015-05-31', 0, 0),
('792', 0, 17, 'Adu Kojo', '', '1974-01-01', 'm', '52/14', '123459459', '2015-05-31', 0, 0),
('793', 0, 18, 'Amoh Kojo', '', '2005-01-01', 'm', '949/09', '123453226', '2015-05-31', 0, 0),
('794', 0, 18, 'Addo Kwabena', '', '2008-01-01', 'm', '92/14', '123456480', '2015-06-05', 0, 0),
('795', 0, 16, 'Otu Janet', '', '1992-01-01', 'f', '501/11', '123450861', '2015-06-05', 0, 0),
('796', 0, 15, 'Lartey Janet', '', '1991-01-01', 'f', '627/14', '123451743', '2015-06-05', 0, 0),
('797', 0, 15, 'Addo Janet', '', '1995-01-01', 'f', '747/13', '123456886', '2015-06-05', 0, 0),
('798', 0, 17, 'Amoh Abena', '', '1992-01-01', 'f', '754/14', '123459909', '2015-06-05', 0, 0),
('799', 0, 15, 'Addo Kofi', '', '1976-01-01', 'm', '449/14', '123457183', '2015-06-05', 0, 0),
('800', 0, 15, 'Yeboah Kofi', '', '1996-01-01', 'm', '594/14', '123452722', '2015-06-05', 0, 0),
('801', 0, 17, 'Mensah Yaa', '', '1972-01-01', 'f', '344/08', '123459059', '2015-06-14', 0, 0),
('802', 0, 18, 'Otu Kofi', '', '2010-01-01', 'm', '245/13', '123458497', '2015-06-14', 0, 0),
('803', 0, 18, 'Lartey Akua', '', '1985-01-01', 'f', '892/14', '123459174', '2015-06-14', 0, 0),
('804', 0, 15, 'Amoh Abena', '', '1962-01-01', 'f', '944/24', '123456688', '2015-06-14', 0, 0),
('805', 0, 15, 'Tetteh Janet', '', '2009-01-01', 'f', '378/14', '123451216', '2015-06-14', 0, 0),
('806', 0, 15, 'Mensah Yaa', '', '1994-01-01', 'f', '85/14', '123452650', '2015-06-14', 0, 0),
('807', 0, 16, 'Lartey Kwabena', '', '2009-01-01', 'm', '628/12', '123456936', '2015-06-14', 0, 0),
('808', 0, 15, 'Addo Kwaku', '', '2012-01-01', 'm', '497/13', '123456578', '2015-06-14', 0, 0),
('809', 0, 18, 'Ofori Abena', '', '1954-01-01', 'f', '616/14', '123458874', '2015-06-14', 0, 0),
('810', 0, 17, 'Mensah Akua', '', '2006-01-01', 'f', '697/08', '123455065', '2015-06-14', 0, 0),
('811', 0, 18, 'Yeboah Yaa', '', '2000-01-01', 'f', '902/14', '123459979', '2015-06-14', 0, 0),
('812', 0, 16, 'Adu Kofi', '', '2010-01-01', 'm', '79/11', '123452418', '2015-06-14', 0, 0),
('813', 0, 16, 'Appiah Yaa', '', '1982-01-01', 'f', '551/14', '123452420', '2015-06-14', 0, 0),
('814', 0, 17, 'Addo Yaa', '', '2011-01-01', 'f', '307/13', '123459159', '2015-06-14', 0, 0),
('815', 0, 16, 'Lartey Janet', '', '1998-01-01', 'f', '626/13', '123450584', '2015-06-14', 0, 0),
('816', 0, 16, 'Mensah Akua', '', '2009-01-01', 'f', '704/11', '123453607', '2015-06-14', 0, 0),
('817', 0, 15, 'Yeboah Abena', '', '1979-01-01', 'f', '459/12', '123458332', '2015-06-14', 0, 0),
('818', 0, 17, 'Otu Kwabena', '', '1986-01-01', 'm', '666/14', '123457283', '2015-06-14', 0, 0),
('819', 0, 17, 'Mensah Kwaku', '', '2005-01-01', 'm', '588/12', '123451951', '2015-06-14', 0, 0),
('820', 0, 18, 'Amoh Kofi', '', '2013-01-01', 'm', '660/12', '123451264', '2015-06-14', 0, 0),
('821', 0, 18, 'Adu Yaa', '', '2000-01-01', 'f', '417/14', '123450141', '2015-06-14', 0, 0),
('822', 0, 15, 'Addo Kwabena', '', '2007-01-01', 'm', '345/14', '123458048', '2015-06-14', 0, 0),
('823', 0, 17, 'Ofori Abena', '', '1978-01-01', 'f', '21/14', '123452346', '2015-06-14', 0, 0),
('824', 0, 15, 'Otu Yaa', '', '1980-01-01', 'f', '801/08', '123455942', '2015-06-14', 0, 0),
('825', 0, 17, 'Adu Akua', '', '1985-01-01', 'f', '792/11', '123457524', '2015-06-14', 0, 0),
('826', 0, 15, 'Yeboah Yaa', '', '2003-01-01', 'f', '286/08', '123457714', '2015-06-14', 0, 0),
('827', 0, 18, 'Lartey Akua', '', '2006-01-01', 'f', '662/08', '123451018', '2015-06-14', 0, 0),
('828', 0, 18, 'Lartey Akua', '', '2003-01-01', 'f', '81/10', '123458785', '2015-06-14', 0, 0),
('829', 0, 18, 'Adu Abena', '', '1989-01-01', 'f', '596/14', '123454116', '2015-06-14', 0, 0),
('830', 0, 18, 'Ofori Janet', '', '2002-01-01', 'f', '485/91', '123455734', '2015-06-14', 0, 0),
('831', 0, 17, 'Mensah Kwabena', '', '2004-01-01', 'm', '509/14', '123457807', '2015-06-14', 0, 0),
('832', 0, 16, 'Ofori Abena', '', '2007-01-01', 'f', '0/14', '123453144', '2015-06-14', 0, 0),
('833', 0, 18, 'Tetteh Kofi', '', '2011-01-01', 'm', '802/14', '123451751', '2015-06-14', 0, 0),
('834', 0, 17, 'Tetteh Kofi', '', '2003-01-01', 'm', '634/11', '123451067', '2015-06-14', 0, 0),
('835', 0, 17, 'Addo Abena', '', '2013-08-17', 'f', '963/ne', '123457485', '2015-06-18', 0, 0),
('836', 0, 17, 'Addo Kwaku', '', '2013-07-25', 'm', '428/ne', '123456835', '2015-06-18', 0, 0),
('837', 0, 17, 'Appiah Kwabena', '', '2013-05-12', 'm', '666/ne', '123455031', '2015-06-18', 0, 0),
('838', 0, 18, 'Adu Kojo', '', '1999-01-01', 'm', '537/13', '123451677', '2015-06-24', 0, 0),
('839', 0, 15, 'Lartey Kofi', '', '2003-01-01', 'm', '270/14', '123451006', '2015-06-24', 0, 0),
('840', 0, 17, 'Ofori Yaa', '', '1969-01-01', 'f', '220/14', '123453420', '2015-06-24', 0, 0),
('841', 0, 16, 'Yeboah Abena', '', '1993-01-01', 'f', '507/12', '123455026', '2015-06-24', 0, 0),
('842', 0, 17, 'Amoh Yaa', '', '2001-01-01', 'f', '810/14', '123453074', '2015-06-24', 0, 0),
('843', 0, 18, 'Yeboah Yaa', '', '1993-01-01', 'f', '603/14', '123454373', '2015-06-24', 0, 0),
('844', 0, 17, 'Adu Abena', '', '2014-06-24', 'f', '751/13', '123452763', '2015-06-24', 0, 0),
('845', 0, 18, 'Mensah Kofi', '', '2009-01-01', 'm', '791/12', '123457464', '2015-06-26', 0, 0),
('846', 0, 17, 'Mensah Akua', '', '1981-01-01', 'f', '394/13', '123452166', '2015-06-26', 0, 0),
('847', 0, 17, 'Tetteh Kofi', '', '2008-01-01', 'm', '701/09', '123459187', '2015-06-27', 0, 0),
('848', 0, 15, 'Tetteh Janet', '', '2005-01-01', 'f', '813/14', '123453522', '2015-06-27', 0, 0),
('849', 0, 16, 'Mensah Kwaku', '', '1948-01-01', 'm', '876/14', '123458936', '2015-06-27', 0, 0),
('850', 0, 17, 'Mensah Abena', '', '1995-01-01', 'f', '68/14', '123457799', '2015-06-27', 0, 0),
('851', 0, 15, 'Tetteh Kwabena', '', '1984-01-01', 'm', '450/14', '123454915', '2015-06-27', 0, 0),
('852', 0, 18, 'Addo Kwaku', '', '1952-01-01', 'm', '283/14', '123452692', '2015-06-27', 0, 0),
('853', 0, 18, 'Addo Kwaku', '', '2013-07-04', 'm', '840/14', '123453214', '2015-06-27', 0, 0),
('854', 0, 18, 'Ofori Janet', '', '2001-01-01', 'f', '137/13', '123452205', '2015-06-27', 0, 0),
('855', 0, 15, 'Adu Kwaku', '', '1959-01-01', 'm', '629/14', '123455264', '2015-06-27', 0, 0),
('856', 0, 16, 'Appiah Akua', '', '1931-01-01', 'f', '554/13', '123458380', '2015-06-27', 0, 0),
('857', 0, 17, 'Appiah Janet', '', '2013-01-01', 'f', '75/14', '123457204', '2015-06-27', 0, 0),
('858', 0, 17, 'Ofori Janet', '', '1952-01-01', 'f', '105/08', '123456159', '2015-06-30', 0, 0),
('859', 0, 18, 'Addo Kofi', '', '1998-01-01', 'm', '103/13', '123455884', '2015-06-30', 0, 0),
('860', 0, 15, 'Amoh Kofi', '', '1989-01-01', 'm', '854/13', '123453303', '2015-06-30', 0, 0),
('861', 0, 16, 'Mensah Akua', '', '2012-01-01', 'f', '184/12', '123456404', '2015-06-30', 0, 0),
('862', 0, 18, 'Tetteh Janet', '', '2010-01-01', 'f', '454/14', '123459247', '2015-06-30', 0, 0),
('863', 0, 17, 'Lartey Kojo', '', '1975-01-01', 'm', '841/12', '123459420', '2015-06-30', 0, 0),
('864', 0, 18, 'Appiah Yaa', '', '2014-05-08', 'f', '154/14', '123456248', '2015-06-30', 0, 0),
('865', 0, 18, 'Mensah Janet', '', '1961-01-01', 'f', '80/11', '123455647', '2015-06-30', 0, 0),
('866', 0, 17, 'Tetteh Akua', '', '2012-01-01', 'f', '729/12', '123458084', '2015-06-30', 0, 0),
('867', 0, 16, 'Addo Yaa', '', '1968-01-01', 'f', '947/08', '123452378', '2015-06-30', 0, 0),
('868', 0, 15, 'Otu Abena', '', '1988-01-01', 'f', '394/14', '123450101', '2015-06-30', 0, 0),
('869', 0, 17, 'Appiah Yaa', '', '2013-12-01', 'f', '866/14', '123456113', '2015-06-30', 0, 0),
('870', 0, 16, 'Addo Kwabena', '', '2013-01-01', 'm', '502/13', '123458073', '2015-06-30', 0, 0),
('871', 0, 17, 'Appiah Kwaku', '', '2009-01-01', 'm', '327/12', '123459322', '2015-06-30', 0, 0),
('872', 0, 18, 'Addo Janet', '', '1956-01-01', 'f', '93/14', '123454204', '2015-06-30', 0, 0),
('873', 0, 15, 'Otu Kwaku', '', '1984-01-01', 'm', '949/13', '123455282', '2015-06-30', 0, 0),
('874', 0, 16, 'Tetteh Janet', '', '1984-01-01', 'f', '644/12', '123450399', '2015-06-30', 0, 0),
('875', 0, 15, 'Amoh Abena', '', '2001-01-01', 'f', '169/14', '123459408', '2015-06-30', 0, 0),
('876', 0, 17, 'Appiah Kwabena', '', '2012-01-01', 'm', '867/12', '123453909', '2015-06-30', 0, 0),
('877', 0, 17, 'Adu Abena', '', '1974-01-01', 'f', '341/14', '123459977', '2015-06-30', 0, 0),
('878', 0, 16, 'Adu Yaa', '', '2007-01-01', 'f', '110/08', '123454012', '2015-06-30', 0, 0),
('879', 0, 15, 'Otu Akua', '', '1992-01-01', 'f', '236/12', '123452354', '2015-06-30', 0, 0),
('880', 0, 17, 'Otu Janet', '', '1941-01-01', 'f', '751/13', '123456862', '2015-06-30', 0, 0),
('881', 0, 15, 'Addo Kofi', '', '1972-01-01', 'm', '41804', '123458378', '2015-06-30', 0, 0),
('882', 0, 18, 'Amoh Akua', '', '1999-01-01', 'f', '803/14', '123450874', '2015-06-30', 0, 0),
('883', 0, 16, 'Addo Akua', '', '1990-01-01', 'f', '292/14', '123450149', '2015-06-30', 0, 0),
('884', 0, 15, 'Darla', '', '2007-03-01', 'm', '100', '1234567', '2014-08-16', 0, 0),
('200001', 0, 18, 'Otu Kwabena', '', '1980-01-01', 'm', '211/13', '123456419', '2015-02-05', 2, 0),
('200002', 0, 18, 'Lartey Kojo', '', '2012-06-05', 'm', '471/12', '123450454', '2015-04-05', 2, 0),
('200003', 0, 17, 'Otu Kwabena', '', '2000-01-01', 'm', '734/13', '123456689', '2014-11-28', 2, 0),
('200004', 0, 16, 'Yeboah Kwaku', '', '2000-01-01', 'm', '711/13', '123457219', '2014-11-28', 2, 0),
('200005', 0, 18, 'Tetteh Janet', '', '2000-01-01', 'f', '248/10', '123454387', '2015-02-03', 2, 0),
('200006', 0, 16, 'Adu Janet', '', '2000-01-01', 'f', '27/11', '123456527', '2015-07-02', 2, 0),
('200007', 0, 17, 'Amoh Yaa', '', '2000-01-01', 'f', '354/11', '123451144', '2015-07-12', 2, 0),
('200008', 0, 15, 'Adu Akua', '', '2000-01-01', 'f', '249/14', '123457666', '2014-11-28', 2, 0),
('200009', 0, 15, 'Lartey Akua', '', '2000-01-01', 'f', '457/14', '123457601', '2014-11-28', 2, 0),
('200010', 0, 15, 'Mensah Akua', '', '2000-01-01', 'f', '510/12', '123451371', '2014-11-28', 2, 0),
('200011', 0, 17, 'Yeboah Janet', '', '2000-01-01', 'f', '647/10', '123451382', '2014-11-28', 2, 0),
('200012', 0, 16, 'Tetteh Yaa', '', '2000-01-01', 'f', '18/10', '123458807', '2014-11-28', 2, 0),
('200013', 0, 17, 'Amoh Kwabena', '', '2009-01-01', 'm', '95/1 ', '123457436', '2014-12-02', 2, 0),
('200014', 0, 18, 'Otu Kofi', '', '2013-01-01', 'm', '302/14', '123451970', '2015-03-07', 1, 0),
('200015', 0, 18, 'Amoh Kwaku', '', '2013-01-01', 'm', '692/14', '123458643', '2015-03-07', 1, 0),
('200016', 0, 15, 'Mensah Kojo', '', '2003-01-01', 'm', '163/14', '123450151', '1901-01-01', 1, 0),
('200017', 0, 16, 'Mensah Kofi', '', '2013-10-19', 'm', '209/11', '123452893', '1901-01-01', 1, 0),
('200018', 0, 18, 'Ofori Kwabena', '', '2005-01-01', 'm', '486/81', '123454064', '1901-01-01', 1, 0),
('200019', 0, 15, 'Ofori Abena', '', '1982-01-01', 'f', '789/13', '123453867', '2014-12-02', 2, 0),
('200020', 0, 18, 'Addo Akua', '', '2011-01-01', 'f', '986/12', '123450296', '2014-12-02', 2, 0),
('200021', 0, 18, 'Appiah Yaa', '', '2011-01-01', 'f', '506/13', '123453155', '2014-12-02', 2, 0),
('200022', 0, 15, 'Tetteh Akua', '', '1988-01-01', 'f', '763/11', '123453449', '2014-12-02', 2, 0),
('200023', 0, 18, 'Yeboah Janet', '', '2011-01-01', 'f', '901/13', '123455120', '2014-12-03', 2, 0),
('200024', 0, 15, 'Tetteh Akua', '', '2013-01-01', 'f', '531/13', '123453217', '2014-12-03', 1, 0),
('200025', 0, 15, 'Adu Yaa', '', '1961-01-01', 'f', '469/12', '123452413', '2014-12-03', 2, 0),
('200026', 0, 18, 'Otu Yaa', '', '1998-01-01', 'f', '507/08', '123450333', '2014-12-03', 2, 0),
('200027', 0, 18, 'Lartey Kwaku', '', '1981-01-01', 'm', '287/13', '123452935', '2014-12-03', 2, 0),
('200028', 0, 17, 'Amoh Yaa', '', '1996-01-01', 'f', '432/11', '123456606', '2014-12-03', 2, 0),
('200029', 0, 15, 'Amoh Yaa', '', '1996-01-01', 'f', '920/12', '123456270', '2014-12-03', 2, 0),
('200030', 0, 18, 'Appiah Janet', '', '1983-01-01', 'f', '552/09', '123455563', '2014-12-03', 2, 0);

-- --------------------------------------------------------

--
-- Table structure for table `community_members_opd_cases`
--

CREATE TABLE IF NOT EXISTS `community_members_opd_cases` (
  `rec_no` varchar(30) NOT NULL,
  `community_member_id` varchar(30) DEFAULT NULL,
  `opd_case_id` int(11) DEFAULT NULL,
  `cho_id` int(11) DEFAULT NULL,
  `rec_date` datetime DEFAULT NULL,
  `server_rec_no` int(11) DEFAULT NULL,
  `rec_state` int(11) DEFAULT NULL,
  `lab` tinyint(1) DEFAULT NULL COMMENT 'boolean true=1',
  PRIMARY KEY (`rec_no`)
) ENGINE=MyISAM DEFAULT CHARSET=latin1;

--
-- Dumping data for table `community_members_opd_cases`
--

INSERT INTO `community_members_opd_cases` (`rec_no`, `community_member_id`, `opd_case_id`, `cho_id`, `rec_date`, `server_rec_no`, `rec_state`, `lab`) VALUES
('1', '200013', 10, 1, '2013-12-02 00:00:00', 0, 0, 0),
('2', '200019', 63, 1, '2013-12-02 00:00:00', 0, 0, 0),
('3', '200020', 75, 1, '2013-12-02 00:00:00', 0, 0, 0),
('4', '200021', 10, 1, '2013-12-02 00:00:00', 0, 0, 0),
('8', '200023', 10, 1, '2013-12-03 00:00:00', 0, 0, 0),
('9', '200025', 71, 1, '2013-12-03 00:00:00', 0, 0, 0),
('10', '200026', 10, 1, '2013-12-03 00:00:00', 0, 0, 0),
('11', '200027', 10, 1, '2013-12-03 00:00:00', 0, 0, 0),
('12', '200028', 10, 1, '2013-12-03 00:00:00', 0, 0, 0),
('13', '200029', 10, 1, '2013-12-03 00:00:00', 0, 0, 0),
('14', '200030', 68, 1, '2013-12-03 00:00:00', 0, 0, 0),
('15', '200029', 68, 1, '2013-12-03 00:00:00', 0, 0, 0),
('16', '31', 68, 1, '2013-12-03 00:00:00', 0, 0, 0),
('17', '32', 10, 1, '2013-12-03 00:00:00', 0, 0, 0),
('18', '33', 10, 1, '2013-12-06 00:00:00', 0, 0, 0),
('19', '34', 65, 1, '2013-12-06 00:00:00', 0, 0, 0),
('20', '35', 10, 1, '2013-12-06 00:00:00', 0, 0, 0),
('21', '36', 11, 1, '2013-12-06 00:00:00', 0, 0, 0),
('22', '37', 10, 1, '2013-12-06 00:00:00', 0, 0, 0),
('23', '38', 10, 1, '2013-12-06 00:00:00', 0, 0, 0),
('24', '39', 69, 1, '2013-12-06 00:00:00', 0, 0, 0),
('25', '40', 10, 1, '2013-12-06 00:00:00', 0, 0, 0),
('26', '41', 69, 1, '2013-12-06 00:00:00', 0, 0, 0),
('27', '42', 10, 1, '2013-12-06 00:00:00', 0, 0, 0),
('28', '43', 10, 1, '2013-12-06 00:00:00', 0, 0, 0),
('29', '42', 75, 1, '2013-12-06 00:00:00', 0, 0, 0),
('30', '44', 68, 1, '2013-12-06 00:00:00', 0, 0, 0),
('31', '45', 10, 1, '2013-12-06 00:00:00', 0, 0, 0),
('32', '45', 68, 1, '2013-12-06 00:00:00', 0, 0, 0),
('33', '46', 10, 1, '2013-12-07 00:00:00', 0, 0, 0),
('34', '47', 10, 1, '2013-12-07 00:00:00', 0, 0, 0),
('35', '48', 75, 1, '2013-12-07 00:00:00', 0, 0, 0),
('36', '49', 69, 1, '2013-12-07 00:00:00', 0, 0, 0),
('37', '50', 75, 1, '2013-12-07 00:00:00', 0, 0, 0),
('38', '51', 10, 1, '2013-12-09 00:00:00', 0, 0, 0),
('39', '52', 10, 1, '2013-12-09 00:00:00', 0, 0, 0),
('40', '53', 10, 1, '2013-12-09 00:00:00', 0, 0, 0),
('41', '54', 11, 1, '2013-12-09 00:00:00', 0, 0, 0),
('42', '55', 10, 1, '2013-12-09 00:00:00', 0, 0, 0),
('43', '56', 10, 1, '2013-12-09 00:00:00', 0, 0, 0),
('44', '56', 68, 1, '2013-12-09 00:00:00', 0, 0, 0),
('6', '200022', 75, 1, '2013-12-02 00:00:00', 0, 0, 0),
('7', '200021', 68, 1, '2013-12-03 00:00:00', 0, 0, 0),
('45', '57', 10, 1, '2013-12-11 00:00:00', 0, 0, 0),
('46', '57', 37, 1, '2013-12-11 00:00:00', 0, 0, 0),
('47', '58', 10, 1, '2013-12-12 00:00:00', 0, 0, 0),
('48', '58', 68, 1, '2013-12-12 00:00:00', 0, 0, 0),
('49', '59', 10, 1, '2013-12-12 00:00:00', 0, 0, 0),
('50', '59', 68, 1, '2013-12-12 00:00:00', 0, 0, 0),
('51', '60', 10, 1, '2013-12-12 00:00:00', 0, 0, 0),
('52', '60', 10, 1, '2013-12-12 00:00:00', 0, 0, 0),
('53', '61', 10, 1, '2013-12-12 00:00:00', 0, 0, 0),
('54', '62', 68, 1, '2013-12-12 00:00:00', 0, 0, 0),
('55', '63', 68, 1, '2013-12-12 00:00:00', 0, 0, 0),
('56', '64', 10, 1, '2013-12-12 00:00:00', 0, 0, 0),
('57', '65', 69, 1, '2013-12-12 00:00:00', 0, 0, 0),
('58', '66', 11, 1, '2013-12-12 00:00:00', 0, 0, 0),
('59', '66', 68, 1, '2013-12-12 00:00:00', 0, 0, 0),
('60', '67', 10, 1, '2013-12-12 00:00:00', 0, 0, 0),
('61', '67', 68, 1, '2013-12-12 00:00:00', 0, 0, 0),
('62', '68', 10, 1, '2013-12-12 00:00:00', 0, 0, 0),
('63', '69', 10, 1, '2013-12-12 00:00:00', 0, 0, 0),
('64', '70', 68, 1, '2013-12-16 00:00:00', 0, 0, 0),
('65', '71', 10, 1, '2013-12-16 00:00:00', 0, 0, 0),
('66', '72', 10, 1, '2013-12-16 00:00:00', 0, 0, 0),
('67', '73', 69, 1, '2013-12-16 00:00:00', 0, 0, 0),
('68', '74', 10, 1, '2013-12-16 00:00:00', 0, 0, 0),
('69', '75', 10, 1, '2013-12-16 00:00:00', 0, 0, 0),
('70', '76', 75, 1, '2013-12-16 00:00:00', 0, 0, 0),
('71', '77', 10, 1, '2013-12-16 00:00:00', 0, 0, 0),
('72', '78', 10, 1, '2013-12-19 00:00:00', 0, 0, 0),
('73', '79', 10, 1, '2013-12-19 00:00:00', 0, 0, 0),
('74', '80', 10, 1, '2013-12-19 00:00:00', 0, 0, 0),
('75', '80', 68, 1, '2013-12-19 00:00:00', 0, 0, 0),
('76', '81', 10, 1, '2013-12-19 00:00:00', 0, 0, 0),
('77', '82', 10, 1, '2013-12-19 00:00:00', 0, 0, 0),
('78', '83', 10, 1, '2013-12-19 00:00:00', 0, 0, 0),
('79', '84', 10, 1, '2013-12-19 00:00:00', 0, 0, 0),
('80', '85', 10, 1, '2013-12-19 00:00:00', 0, 0, 0),
('81', '86', 10, 1, '2013-12-19 00:00:00', 0, 0, 0),
('82', '86', 68, 1, '2013-12-19 00:00:00', 0, 0, 0),
('83', '87', 10, 1, '2013-12-19 00:00:00', 0, 0, 0),
('84', '88', 68, 1, '2013-12-19 00:00:00', 0, 0, 0),
('85', '88', 47, 1, '2013-12-19 00:00:00', 0, 0, 0),
('86', '89', 10, 1, '2013-12-19 00:00:00', 0, 0, 0),
('87', '90', 68, 1, '2013-12-19 00:00:00', 0, 0, 0),
('88', '91', 63, 1, '2013-12-19 00:00:00', 0, 0, 0),
('89', '92', 63, 1, '2013-12-19 00:00:00', 0, 0, 0),
('90', '93', 10, 1, '2013-12-19 00:00:00', 0, 0, 0),
('91', '94', 10, 1, '2013-12-19 00:00:00', 0, 0, 0),
('92', '95', 10, 1, '2013-12-19 00:00:00', 0, 0, 0),
('93', '96', 10, 1, '2013-12-19 00:00:00', 0, 0, 0),
('94', '94', 68, 1, '2013-12-19 00:00:00', 0, 0, 0),
('95', '97', 37, 1, '2013-12-19 00:00:00', 0, 0, 0),
('96', '98', 63, 1, '2013-12-19 00:00:00', 0, 0, 0),
('97', '99', 10, 1, '2013-12-19 00:00:00', 0, 0, 0),
('98', '99', 37, 1, '2013-12-19 00:00:00', 0, 0, 0),
('99', '100', 37, 1, '2013-12-19 00:00:00', 0, 0, 0),
('100', '101', 37, 1, '2013-12-19 00:00:00', 0, 0, 0),
('101', '102', 10, 1, '2013-12-24 00:00:00', 0, 0, 0),
('102', '103', 75, 1, '2013-12-24 00:00:00', 0, 0, 0),
('103', '104', 68, 1, '2013-12-24 00:00:00', 0, 0, 0),
('104', '105', 10, 1, '2013-12-24 00:00:00', 0, 0, 0),
('105', '106', 75, 1, '2013-12-24 00:00:00', 0, 0, 0),
('106', '107', 10, 1, '2013-12-24 00:00:00', 0, 0, 0),
('107', '108', 51, 1, '2013-12-24 00:00:00', 0, 0, 0),
('108', '108', 32, 1, '2013-12-24 00:00:00', 0, 0, 0),
('109', '109', 69, 1, '2013-12-24 00:00:00', 0, 0, 0),
('110', '110', 10, 1, '2013-12-24 00:00:00', 0, 0, 0),
('111', '111', 10, 1, '2013-12-24 00:00:00', 0, 0, 0),
('112', '112', 68, 1, '2013-12-24 00:00:00', 0, 0, 0),
('113', '113', 10, 1, '2013-12-24 00:00:00', 0, 0, 0),
('114', '113', 68, 1, '2013-12-24 00:00:00', 0, 0, 0),
('115', '114', 10, 1, '2013-12-24 00:00:00', 0, 0, 0),
('116', '115', 10, 1, '2013-12-24 00:00:00', 0, 0, 0),
('117', '115', 68, 1, '2013-12-24 00:00:00', 0, 0, 0),
('118', '116', 10, 1, '2013-12-24 00:00:00', 0, 0, 0),
('119', '116', 68, 1, '2013-12-24 00:00:00', 0, 0, 0),
('120', '117', 10, 1, '2013-12-24 00:00:00', 0, 0, 0),
('121', '117', 34, 1, '2013-12-24 00:00:00', 0, 0, 0),
('122', '118', 10, 1, '2013-12-24 00:00:00', 0, 0, 0),
('123', '119', 10, 1, '2013-12-24 00:00:00', 0, 0, 0),
('124', '120', 68, 1, '2013-12-25 00:00:00', 0, 0, 0),
('125', '120', 75, 1, '2013-12-25 00:00:00', 0, 0, 0),
('126', '121', 75, 1, '2013-12-25 00:00:00', 0, 0, 0),
('127', '122', 18, 1, '2013-12-25 00:00:00', 0, 0, 0),
('128', '123', 68, 1, '2013-12-25 00:00:00', 0, 0, 0),
('129', '124', 68, 1, '2013-12-25 00:00:00', 0, 0, 0),
('130', '125', 10, 1, '2013-12-25 00:00:00', 0, 0, 0),
('131', '125', 37, 1, '2013-12-25 00:00:00', 0, 0, 0),
('132', '125', 68, 1, '2013-12-25 00:00:00', 0, 0, 0),
('133', '126', 37, 1, '2013-12-25 00:00:00', 0, 0, 0),
('134', '127', 75, 1, '2013-12-25 00:00:00', 0, 0, 0),
('135', '128', 10, 1, '2013-12-25 00:00:00', 0, 0, 0),
('136', '128', 68, 1, '2013-12-25 00:00:00', 0, 0, 0),
('137', '128', 69, 1, '2013-12-25 00:00:00', 0, 0, 0),
('138', '129', 10, 1, '2013-12-25 00:00:00', 0, 0, 0),
('139', '130', 10, 1, '2013-12-26 00:00:00', 0, 0, 0),
('140', '131', 10, 1, '2013-12-26 00:00:00', 0, 0, 0),
('141', '131', 47, 1, '2013-12-26 00:00:00', 0, 0, 0),
('142', '132', 37, 1, '2013-12-26 00:00:00', 0, 0, 0),
('143', '133', 10, 1, '2013-12-26 00:00:00', 0, 0, 0),
('144', '134', 10, 1, '2013-12-26 00:00:00', 0, 0, 0),
('145', '134', 68, 1, '2013-12-26 00:00:00', 0, 0, 0),
('146', '135', 10, 1, '2013-12-26 00:00:00', 0, 0, 0),
('147', '136', 10, 1, '2013-12-26 00:00:00', 0, 0, 0),
('148', '136', 51, 1, '2013-12-26 00:00:00', 0, 0, 0),
('149', '137', 10, 1, '2013-12-26 00:00:00', 0, 0, 0),
('150', '137', 68, 1, '2013-12-26 00:00:00', 0, 0, 0),
('151', '138', 68, 1, '2013-12-26 00:00:00', 0, 0, 0),
('152', '139', 10, 1, '2013-12-26 00:00:00', 0, 0, 0),
('153', '139', 68, 1, '2013-12-26 00:00:00', 0, 0, 0),
('154', '140', 10, 1, '2013-12-26 00:00:00', 0, 0, 0),
('155', '140', 18, 1, '2013-12-26 00:00:00', 0, 0, 0),
('156', '141', 10, 1, '2013-12-26 00:00:00', 0, 0, 0),
('157', '141', 68, 1, '2013-12-26 00:00:00', 0, 0, 0),
('158', '142', 10, 1, '2013-12-26 00:00:00', 0, 0, 0),
('159', '142', 68, 1, '2013-12-26 00:00:00', 0, 0, 0),
('160', '143', 10, 1, '2013-12-26 00:00:00', 0, 0, 0),
('161', '143', 68, 1, '2013-12-26 00:00:00', 0, 0, 0),
('162', '144', 10, 1, '2013-12-26 00:00:00', 0, 0, 0),
('163', '144', 68, 1, '2013-12-26 00:00:00', 0, 0, 0),
('164', '145', 10, 1, '2013-12-26 00:00:00', 0, 0, 0),
('165', '146', 10, 1, '2013-12-26 00:00:00', 0, 0, 0),
('166', '146', 18, 1, '2013-12-26 00:00:00', 0, 0, 0),
('167', '147', 10, 1, '2013-12-26 00:00:00', 0, 0, 0),
('168', '147', 68, 1, '2013-12-26 00:00:00', 0, 0, 0),
('169', '148', 10, 1, '2013-12-26 00:00:00', 0, 0, 0),
('170', '200024', 18, 1, '2013-12-26 00:00:00', 0, 0, 0),
('171', '149', 10, 1, '2013-12-27 00:00:00', 0, 0, 0),
('172', '150', 69, 1, '2013-12-27 00:00:00', 0, 0, 0),
('173', '151', 10, 1, '2013-12-27 00:00:00', 0, 0, 0),
('174', '152', 10, 1, '2013-12-31 00:00:00', 0, 0, 0),
('175', '153', 10, 1, '2013-12-31 00:00:00', 0, 0, 0),
('176', '154', 68, 1, '2013-12-31 00:00:00', 0, 0, 0),
('177', '154', 75, 1, '2013-12-31 00:00:00', 0, 0, 0),
('178', '155', 10, 1, '2013-12-31 00:00:00', 0, 0, 0),
('179', '156', 10, 1, '2013-12-31 00:00:00', 0, 0, 0),
('180', '157', 10, 1, '2013-12-31 00:00:00', 0, 0, 0),
('181', '158', 10, 1, '2013-12-31 00:00:00', 0, 0, 0),
('182', '159', 10, 1, '2013-12-31 00:00:00', 0, 0, 0),
('183', '160', 10, 1, '2013-12-31 00:00:00', 0, 0, 0),
('184', '160', 37, 1, '2013-12-31 00:00:00', 0, 0, 0),
('185', '161', 37, 1, '2013-12-31 00:00:00', 0, 0, 0),
('186', '161', 69, 1, '2013-12-31 00:00:00', 0, 0, 0),
('187', '162', 63, 1, '2014-01-06 00:00:00', 0, 0, 0),
('188', '163', 10, 1, '2014-01-06 00:00:00', 0, 0, 0),
('189', '164', 18, 1, '2014-01-06 00:00:00', 0, 0, 0),
('190', '165', 18, 1, '2014-01-06 00:00:00', 0, 0, 0),
('191', '166', 37, 1, '2014-01-06 00:00:00', 0, 0, 0),
('192', '167', 10, 1, '2014-01-06 00:00:00', 0, 0, 0),
('193', '167', 32, 1, '2014-01-06 00:00:00', 0, 0, 0),
('194', '168', 68, 1, '2014-01-06 00:00:00', 0, 0, 0),
('195', '169', 10, 1, '2014-01-09 00:00:00', 0, 0, 0),
('196', '170', 10, 1, '2014-01-09 00:00:00', 0, 0, 0),
('197', '170', 68, 1, '2014-01-09 00:00:00', 0, 0, 0),
('198', '171', 75, 1, '2014-01-09 00:00:00', 0, 0, 0),
('199', '172', 10, 1, '2014-01-09 00:00:00', 0, 0, 0),
('200', '172', 68, 1, '2014-01-09 00:00:00', 0, 0, 0),
('201', '173', 10, 1, '2014-01-09 00:00:00', 0, 0, 0),
('202', '173', 68, 1, '2014-01-09 00:00:00', 0, 0, 0),
('203', '174', 37, 1, '2014-01-09 00:00:00', 0, 0, 0),
('204', '174', 68, 1, '2014-01-09 00:00:00', 0, 0, 0),
('205', '175', 10, 1, '2014-01-09 00:00:00', 0, 0, 0),
('206', '176', 32, 1, '2014-01-09 00:00:00', 0, 0, 0),
('207', '177', 18, 1, '2014-01-09 00:00:00', 0, 0, 0),
('208', '178', 69, 1, '2014-01-14 00:00:00', 0, 0, 0),
('209', '179', 18, 1, '2014-01-14 00:00:00', 0, 0, 0),
('210', '180', 18, 1, '2014-01-14 00:00:00', 0, 0, 0),
('211', '181', 69, 1, '2014-01-14 00:00:00', 0, 0, 0),
('212', '182', 68, 1, '2014-01-14 00:00:00', 0, 0, 0),
('213', '183', 37, 1, '2014-01-14 00:00:00', 0, 0, 0),
('214', '184', 69, 1, '2014-01-14 00:00:00', 0, 0, 0),
('215', '186', 11, 1, '2014-01-14 00:00:00', 0, 0, 0),
('216', '187', 11, 1, '2014-01-14 00:00:00', 0, 0, 0),
('217', '187', 37, 1, '2014-01-14 00:00:00', 0, 0, 0),
('218', '188', 11, 1, '2014-01-14 00:00:00', 0, 0, 0),
('219', '188', 18, 1, '2014-01-14 00:00:00', 0, 0, 0),
('220', '189', 37, 1, '2014-01-14 00:00:00', 0, 0, 0),
('222', '190', 10, 1, '2014-01-14 00:00:00', 0, 0, 0),
('223', '191', 10, 1, '2014-01-14 00:00:00', 0, 0, 0),
('224', '193', 69, 1, '2014-01-14 00:00:00', 0, 0, 0),
('225', '194', 69, 1, '2014-01-14 00:00:00', 0, 0, 0),
('226', '195', 37, 1, '2014-01-14 00:00:00', 0, 0, 0),
('227', '195', 32, 1, '2014-01-14 00:00:00', 0, 0, 0),
('228', '196', 68, 1, '2014-01-25 00:00:00', 0, 0, 0),
('229', '196', 37, 1, '2014-01-25 00:00:00', 0, 0, 0),
('230', '197', 10, 1, '2014-01-25 00:00:00', 0, 0, 0),
('231', '198', 18, 1, '2014-01-25 00:00:00', 0, 0, 0),
('232', '200', 37, 1, '2014-01-25 00:00:00', 0, 0, 0),
('233', '201', 75, 1, '2014-01-25 00:00:00', 0, 0, 0),
('234', '202', 10, 1, '2014-01-25 00:00:00', 0, 0, 0),
('235', '203', 10, 1, '2014-01-25 00:00:00', 0, 0, 0),
('236', '204', 10, 1, '2014-01-25 00:00:00', 0, 0, 0),
('238', '206', 68, 1, '2014-01-25 00:00:00', 0, 0, 0),
('239', '207', 37, 1, '2014-01-25 00:00:00', 0, 0, 0),
('241', '209', 10, 1, '2014-01-25 00:00:00', 0, 0, 0),
('242', '210', 37, 1, '2014-01-25 00:00:00', 0, 0, 0),
('243', '211', 10, 1, '2014-01-25 00:00:00', 0, 0, 0),
('244', '211', 68, 1, '2014-01-25 00:00:00', 0, 0, 0),
('245', '203', 32, 1, '2014-01-25 00:00:00', 0, 0, 0),
('246', '204', 32, 1, '2014-01-25 00:00:00', 0, 0, 0),
('247', '205', 12, 1, '2014-01-25 00:00:00', 0, 0, 0),
('248', '208', 68, 1, '2014-01-25 00:00:00', 0, 0, 0),
('249', '212', 10, 1, '2014-01-25 00:00:00', 0, 0, 0),
('250', '212', 18, 1, '2014-01-25 00:00:00', 0, 0, 0),
('251', '213', 69, 1, '2014-01-25 00:00:00', 0, 0, 0),
('252', '214', 10, 1, '2014-01-25 00:00:00', 0, 0, 0),
('253', '215', 69, 1, '2014-01-25 00:00:00', 0, 0, 0),
('254', '216', 10, 1, '2014-01-25 00:00:00', 0, 0, 0),
('255', '217', 75, 1, '2014-01-25 00:00:00', 0, 0, 0),
('256', '218', 10, 1, '2014-01-25 00:00:00', 0, 0, 0),
('257', '219', 18, 1, '2014-01-25 00:00:00', 0, 0, 0),
('258', '220', 10, 1, '2014-01-25 00:00:00', 0, 0, 0),
('259', '221', 63, 1, '2014-01-25 00:00:00', 0, 0, 0),
('260', '222', 10, 1, '2014-01-25 00:00:00', 0, 0, 0),
('261', '223', 75, 1, '2014-01-26 00:00:00', 0, 0, 0),
('262', '224', 10, 1, '2014-01-26 00:00:00', 0, 0, 0),
('263', '225', 10, 1, '2014-01-26 00:00:00', 0, 0, 0),
('264', '226', 10, 1, '2014-01-26 00:00:00', 0, 0, 0),
('265', '229', 11, 1, '2014-01-26 00:00:00', 0, 0, 0),
('266', '230', 74, 1, '2014-01-26 00:00:00', 0, 0, 0),
('267', '231', 10, 1, '2014-01-26 00:00:00', 0, 0, 0),
('268', '232', 75, 1, '2014-01-26 00:00:00', 0, 0, 0),
('269', '233', 10, 1, '2014-01-26 00:00:00', 0, 0, 0),
('270', '234', 75, 1, '2014-01-26 00:00:00', 0, 0, 0),
('271', '235', 10, 1, '2014-01-26 00:00:00', 0, 0, 0),
('272', '236', 10, 1, '2014-01-26 00:00:00', 0, 0, 0),
('273', '236', 68, 1, '2014-01-26 00:00:00', 0, 0, 0),
('274', '237', 10, 1, '2014-01-26 00:00:00', 0, 0, 0),
('275', '237', 68, 1, '2014-01-26 00:00:00', 0, 0, 0),
('276', '239', 63, 1, '2014-01-26 00:00:00', 0, 0, 0),
('277', '240', 10, 1, '2014-01-27 00:00:00', 0, 0, 0),
('278', '241', 10, 1, '2014-01-27 00:00:00', 0, 0, 0),
('279', '242', 75, 1, '2014-01-27 00:00:00', 0, 0, 0),
('280', '243', 75, 1, '2014-01-27 00:00:00', 0, 0, 0),
('281', '244', 75, 1, '2014-01-27 00:00:00', 0, 0, 0),
('282', '245', 75, 1, '2014-01-27 00:00:00', 0, 0, 0),
('283', '246', 10, 1, '2014-01-27 00:00:00', 0, 0, 0),
('284', '244', 32, 1, '2014-01-27 00:00:00', 0, 0, 0),
('285', '240', 69, 1, '2014-01-27 00:00:00', 0, 0, 0),
('286', '247', 65, 1, '2014-01-27 00:00:00', 0, 0, 0),
('287', '249', 18, 1, '2014-01-27 00:00:00', 0, 0, 0),
('288', '250', 37, 1, '2014-01-27 00:00:00', 0, 0, 0),
('289', '251', 51, 1, '2014-01-27 00:00:00', 0, 0, 0),
('290', '252', 37, 1, '2014-01-27 00:00:00', 0, 0, 0),
('291', '253', 75, 1, '2014-01-27 00:00:00', 0, 0, 0),
('292', '254', 75, 1, '2014-01-27 00:00:00', 0, 0, 0),
('293', '255', 75, 1, '2014-01-27 00:00:00', 0, 0, 0),
('294', '256', 75, 1, '2014-01-27 00:00:00', 0, 0, 0),
('295', '257', 10, 1, '2014-01-27 00:00:00', 0, 0, 0),
('296', '258', 10, 1, '2014-01-27 00:00:00', 0, 0, 0),
('297', '259', 10, 1, '2014-01-27 00:00:00', 0, 0, 0),
('298', '260', 9, 1, '2014-01-27 00:00:00', 0, 0, 0),
('299', '261', 75, 1, '2014-01-27 00:00:00', 0, 0, 0),
('300', '262', 10, 1, '2014-01-27 00:00:00', 0, 0, 0),
('301', '262', 68, 1, '2014-01-27 00:00:00', 0, 0, 0),
('302', '252', 32, 1, '2014-01-27 00:00:00', 0, 0, 0),
('303', '263', 75, 1, '2014-01-27 00:00:00', 0, 0, 0),
('304', '264', 10, 1, '2014-01-27 00:00:00', 0, 0, 0),
('305', '265', 10, 1, '2014-01-27 00:00:00', 0, 0, 0),
('306', '266', 10, 1, '2014-01-27 00:00:00', 0, 0, 0),
('307', '267', 10, 1, '2014-01-27 00:00:00', 0, 0, 0),
('308', '268', 10, 1, '2014-01-27 00:00:00', 0, 0, 0),
('309', '269', 10, 1, '2014-01-28 00:00:00', 0, 0, 0),
('310', '270', 68, 1, '2014-01-28 00:00:00', 0, 0, 0),
('311', '271', 72, 1, '2014-01-28 00:00:00', 0, 0, 0),
('312', '273', 37, 1, '2014-01-28 00:00:00', 0, 0, 0),
('313', '273', 32, 1, '2014-01-28 00:00:00', 0, 0, 0),
('314', '274', 10, 1, '2014-01-28 00:00:00', 0, 0, 0),
('316', '275', 68, 1, '2014-01-28 00:00:00', 0, 0, 0),
('317', '276', 10, 1, '2014-01-28 00:00:00', 0, 0, 0),
('318', '277', 18, 1, '2014-01-28 00:00:00', 0, 0, 0),
('319', '277', 68, 1, '2014-01-28 00:00:00', 0, 0, 0),
('320', '278', 10, 1, '2014-01-28 00:00:00', 0, 0, 0),
('321', '279', 10, 1, '2014-01-28 00:00:00', 0, 0, 0),
('322', '280', 10, 1, '2014-01-28 00:00:00', 0, 0, 0),
('323', '281', 75, 1, '2014-01-28 00:00:00', 0, 0, 0),
('324', '282', 10, 1, '2014-01-30 00:00:00', 0, 0, 0),
('325', '283', 68, 1, '2014-01-30 00:00:00', 0, 0, 0),
('326', '284', 18, 1, '2014-01-30 00:00:00', 0, 0, 0),
('327', '285', 10, 1, '2014-01-30 00:00:00', 0, 0, 0),
('328', '286', 37, 1, '2014-01-30 00:00:00', 0, 0, 0),
('329', '287', 51, 1, '2014-01-30 00:00:00', 0, 0, 0),
('330', '288', 75, 1, '2014-01-31 00:00:00', 0, 0, 0),
('331', '289', 10, 1, '2014-01-31 00:00:00', 0, 0, 0),
('332', '289', 68, 1, '2014-01-31 00:00:00', 0, 0, 0),
('333', '291', 54, 1, '2014-01-31 00:00:00', 0, 0, 0),
('334', '292', 18, 1, '2014-01-31 00:00:00', 0, 0, 0),
('335', '293', 10, 1, '2014-01-31 00:00:00', 0, 0, 0),
('336', '294', 68, 1, '2014-01-31 00:00:00', 0, 0, 0),
('337', '295', 68, 1, '2014-01-31 00:00:00', 0, 0, 0),
('338', '296', 69, 1, '2014-01-31 00:00:00', 0, 0, 0),
('339', '295', 18, 1, '2014-01-31 00:00:00', 0, 0, 0),
('340', '297', 10, 1, '2014-01-31 00:00:00', 0, 0, 0),
('341', '298', 68, 1, '2014-01-31 00:00:00', 0, 0, 0),
('342', '298', 18, 1, '2014-01-31 00:00:00', 0, 0, 0),
('343', '299', 72, 1, '2014-01-31 00:00:00', 0, 0, 0),
('345', '301', 75, 1, '2014-01-31 00:00:00', 0, 0, 0),
('346', '302', 10, 1, '2014-01-31 00:00:00', 0, 0, 0),
('347', '303', 18, 1, '2014-01-31 00:00:00', 0, 0, 0),
('348', '304', 10, 1, '2014-01-31 00:00:00', 0, 0, 0),
('349', '305', 37, 1, '2014-01-31 00:00:00', 0, 0, 0),
('350', '306', 10, 1, '2014-01-31 00:00:00', 0, 0, 0),
('351', '307', 10, 1, '2014-01-31 00:00:00', 0, 0, 0),
('352', '102', 10, 1, '2014-02-09 00:00:00', 0, 0, 0),
('353', '206', 68, 1, '2014-02-09 00:00:00', 0, 0, 0),
('354', '38', 69, 1, '2014-02-09 00:00:00', 0, 0, 0),
('355', '151', 10, 1, '2014-02-09 00:00:00', 0, 0, 0),
('356', '308', 18, 1, '2014-02-09 00:00:00', 0, 0, 0),
('357', '309', 69, 1, '2014-02-09 00:00:00', 0, 0, 0),
('358', '310', 37, 1, '2014-02-09 00:00:00', 0, 0, 0),
('359', '190', 18, 1, '2014-02-09 00:00:00', 0, 0, 0),
('360', '181', 10, 1, '2014-02-09 00:00:00', 0, 0, 0),
('361', '311', 10, 1, '2014-02-09 00:00:00', 0, 0, 0),
('362', '65', 75, 1, '2014-02-09 00:00:00', 0, 0, 0),
('363', '312', 18, 1, '2014-02-09 00:00:00', 0, 0, 0),
('364', '313', 68, 1, '2014-02-09 00:00:00', 0, 0, 0),
('365', '109', 10, 1, '2014-02-09 00:00:00', 0, 0, 0),
('366', '109', 68, 1, '2014-02-09 00:00:00', 0, 0, 0),
('367', '314', 10, 1, '2014-02-09 00:00:00', 0, 0, 0),
('368', '315', 68, 1, '2014-02-09 00:00:00', 0, 0, 0),
('369', '315', 18, 1, '2014-02-09 00:00:00', 0, 0, 0),
('370', '316', 10, 1, '2014-02-09 00:00:00', 0, 0, 0),
('371', '317', 68, 1, '2014-02-09 00:00:00', 0, 0, 0),
('372', '318', 10, 1, '2014-02-09 00:00:00', 0, 0, 0),
('373', '319', 10, 1, '2014-02-09 00:00:00', 0, 0, 0),
('374', '320', 37, 1, '2014-02-09 00:00:00', 0, 0, 0),
('375', '321', 18, 1, '2014-02-09 00:00:00', 0, 0, 0),
('376', '154', 10, 1, '2014-02-09 00:00:00', 0, 0, 0),
('377', '322', 10, 1, '2014-02-09 00:00:00', 0, 0, 0),
('378', '323', 10, 1, '2014-02-09 00:00:00', 0, 0, 0),
('379', '320', 32, 1, '2014-02-09 00:00:00', 0, 0, 0),
('380', '283', 32, 1, '2014-02-09 00:00:00', 0, 0, 0),
('381', '324', 75, 1, '2014-02-09 00:00:00', 0, 0, 0),
('382', '325', 75, 1, '2014-02-09 00:00:00', 0, 0, 0),
('383', '326', 75, 1, '2014-02-10 00:00:00', 0, 0, 0),
('384', '327', 75, 1, '2014-02-10 00:00:00', 0, 0, 0),
('385', '328', 10, 1, '2014-02-10 00:00:00', 0, 0, 0),
('386', '329', 10, 1, '2014-02-10 00:00:00', 0, 0, 0),
('387', '330', 10, 1, '2014-02-10 00:00:00', 0, 0, 0),
('388', '331', 10, 1, '2014-02-10 00:00:00', 0, 0, 0),
('389', '331', 32, 1, '2014-02-10 00:00:00', 0, 0, 0),
('390', '332', 75, 1, '2014-02-10 00:00:00', 0, 0, 0),
('391', '333', 10, 1, '2014-02-10 00:00:00', 0, 0, 0),
('392', '190', 10, 1, '2014-02-10 00:00:00', 0, 0, 0),
('393', '334', 10, 1, '2014-02-10 00:00:00', 0, 0, 0),
('394', '335', 32, 1, '2014-02-10 00:00:00', 0, 0, 0),
('395', '335', 37, 1, '2014-02-10 00:00:00', 0, 0, 0),
('396', '336', 18, 1, '2014-02-10 00:00:00', 0, 0, 0),
('397', '337', 37, 1, '2014-02-10 00:00:00', 0, 0, 0),
('399', '339', 10, 1, '2014-02-10 00:00:00', 0, 0, 0),
('400', '340', 74, 1, '2014-02-10 00:00:00', 0, 0, 0),
('401', '341', 10, 1, '2014-02-10 00:00:00', 0, 0, 0),
('402', '342', 10, 1, '2014-02-10 00:00:00', 0, 0, 0),
('403', '343', 10, 1, '2014-02-10 00:00:00', 0, 0, 0),
('404', '344', 10, 1, '2014-02-10 00:00:00', 0, 0, 0),
('405', '35', 53, 1, '2014-02-10 00:00:00', 0, 0, 0),
('406', '338', 14, 1, '2014-02-10 00:00:00', 0, 0, 0),
('407', '338', 18, 1, '2014-02-10 00:00:00', 0, 0, 0),
('408', '361', 10, 1, '2014-02-12 00:00:00', 0, 0, 0),
('409', '362', 32, 1, '2014-02-12 00:00:00', 0, 0, 0),
('410', '363', 63, 1, '2014-02-12 00:00:00', 0, 0, 0),
('411', '364', 18, 1, '2014-02-12 00:00:00', 0, 0, 0),
('412', '365', 10, 1, '2014-02-12 00:00:00', 0, 0, 0),
('413', '366', 10, 1, '2014-02-12 00:00:00', 0, 0, 0),
('414', '338', 54, 1, '2014-02-12 00:00:00', 0, 0, 0),
('415', '367', 37, 1, '2014-02-12 00:00:00', 0, 0, 0),
('416', '368', 68, 1, '2014-02-12 00:00:00', 0, 0, 0),
('417', '368', 75, 1, '2014-02-12 00:00:00', 0, 0, 0),
('418', '369', 14, 1, '2014-02-12 00:00:00', 0, 0, 0),
('419', '370', 10, 1, '2014-02-12 00:00:00', 0, 0, 0),
('420', '391', 10, 1, '2014-02-24 00:00:00', 0, 0, 0),
('421', '174', 37, 1, '2014-02-24 00:00:00', 0, 0, 0),
('422', '392', 32, 1, '2014-02-24 00:00:00', 0, 0, 0),
('423', '271', 75, 1, '2014-02-24 00:00:00', 0, 0, 0),
('424', '197', 10, 1, '2014-02-24 00:00:00', 0, 0, 0),
('425', '197', 69, 1, '2014-02-24 00:00:00', 0, 0, 0),
('426', '205', 10, 1, '2014-02-24 00:00:00', 0, 0, 0),
('427', '205', 68, 1, '2014-02-24 00:00:00', 0, 0, 0),
('428', '393', 32, 1, '2014-02-24 00:00:00', 0, 0, 0),
('429', '394', 37, 1, '2014-02-24 00:00:00', 0, 0, 0),
('430', '395', 68, 1, '2014-02-24 00:00:00', 0, 0, 0),
('431', '396', 68, 1, '2014-02-24 00:00:00', 0, 0, 0),
('432', '397', 68, 1, '2014-02-24 00:00:00', 0, 0, 0),
('433', '397', 75, 1, '2014-02-24 00:00:00', 0, 0, 0),
('434', '398', 68, 1, '2014-02-24 00:00:00', 0, 0, 0),
('435', '399', 10, 1, '2014-02-24 00:00:00', 0, 0, 0),
('436', '399', 68, 1, '2014-02-24 00:00:00', 0, 0, 0),
('437', '400', 10, 1, '2014-02-24 00:00:00', 0, 0, 0),
('438', '325', 10, 1, '2014-02-25 00:00:00', 0, 0, 0),
('439', '417', 10, 1, '2014-02-25 00:00:00', 0, 0, 0),
('440', '83', 10, 1, '2014-02-25 00:00:00', 0, 0, 0),
('441', '163', 10, 1, '2014-02-25 00:00:00', 0, 0, 0),
('442', '418', 10, 1, '2014-02-25 00:00:00', 0, 0, 0),
('443', '419', 47, 1, '2014-02-25 00:00:00', 0, 0, 0),
('444', '200030', 10, 1, '2014-02-25 00:00:00', 0, 0, 0),
('445', '200030', 47, 1, '2014-02-25 00:00:00', 0, 0, 0),
('446', '420', 10, 1, '2014-02-25 00:00:00', 0, 0, 0),
('447', '420', 68, 1, '2014-02-25 00:00:00', 0, 0, 0),
('448', '421', 37, 1, '2014-02-25 00:00:00', 0, 0, 0),
('449', '422', 37, 1, '2014-02-25 00:00:00', 0, 0, 0),
('450', '187', 63, 1, '2014-02-25 00:00:00', 0, 0, 0),
('451', '423', 10, 1, '2014-02-25 00:00:00', 0, 0, 0),
('452', '424', 10, 1, '2014-02-25 00:00:00', 0, 0, 0),
('453', '425', 68, 1, '2014-02-25 00:00:00', 0, 0, 0),
('454', '148', 69, 1, '2014-02-25 00:00:00', 0, 0, 0),
('455', '426', 10, 1, '2014-02-25 00:00:00', 0, 0, 0),
('456', '42', 10, 1, '2014-02-25 00:00:00', 0, 0, 0),
('457', '337', 10, 1, '2014-02-25 00:00:00', 0, 0, 0),
('458', '79', 10, 1, '2014-02-25 00:00:00', 0, 0, 0),
('459', '427', 10, 1, '2014-02-26 00:00:00', 0, 0, 0),
('460', '427', 68, 1, '2014-02-26 00:00:00', 0, 0, 0),
('461', '428', 37, 1, '2014-02-26 00:00:00', 0, 0, 0),
('462', '429', 10, 1, '2014-02-26 00:00:00', 0, 0, 0),
('463', '430', 10, 1, '2014-02-26 00:00:00', 0, 0, 0),
('464', '431', 75, 1, '2014-02-26 00:00:00', 0, 0, 0),
('465', '238', 10, 1, '2014-02-26 00:00:00', 0, 0, 0),
('466', '432', 10, 1, '2014-02-26 00:00:00', 0, 0, 0),
('467', '433', 10, 1, '2014-02-26 00:00:00', 0, 0, 0),
('468', '434', 10, 1, '2014-02-26 00:00:00', 0, 0, 0),
('469', '86', 63, 1, '2014-02-26 00:00:00', 0, 0, 0),
('470', '435', 68, 1, '2014-02-26 00:00:00', 0, 0, 0),
('471', '435', 37, 1, '2014-02-26 00:00:00', 0, 0, 0),
('472', '187', 32, 1, '2014-02-26 00:00:00', 0, 0, 0),
('473', '436', 37, 1, '2014-02-26 00:00:00', 0, 0, 0),
('474', '437', 68, 1, '2014-02-26 00:00:00', 0, 0, 0),
('475', '438', 75, 1, '2014-02-26 00:00:00', 0, 0, 0),
('476', '439', 68, 1, '2014-02-26 00:00:00', 0, 0, 0),
('477', '440', 10, 1, '2014-02-26 00:00:00', 0, 0, 0),
('478', '441', 18, 1, '2014-02-26 00:00:00', 0, 0, 0),
('479', '442', 10, 1, '2014-02-26 00:00:00', 0, 0, 0),
('480', '441', 68, 1, '2014-02-26 00:00:00', 0, 0, 0),
('481', '440', 68, 1, '2014-02-26 00:00:00', 0, 0, 0),
('482', '443', 10, 1, '2014-02-26 00:00:00', 0, 0, 0),
('483', '159', 10, 1, '2014-02-26 00:00:00', 0, 0, 0),
('484', '444', 10, 1, '2014-02-26 00:00:00', 0, 0, 0),
('485', '445', 32, 1, '2014-02-26 00:00:00', 0, 0, 0),
('486', '445', 69, 1, '2014-02-26 00:00:00', 0, 0, 0),
('487', '446', 75, 1, '2014-02-26 00:00:00', 0, 0, 0),
('488', '447', 68, 1, '2014-02-26 00:00:00', 0, 0, 0),
('489', '448', 37, 1, '2014-02-26 00:00:00', 0, 0, 0),
('490', '449', 68, 1, '2014-02-26 00:00:00', 0, 0, 0),
('491', '450', 69, 1, '2014-02-26 00:00:00', 0, 0, 0),
('492', '451', 10, 1, '2014-02-26 00:00:00', 0, 0, 0),
('493', '452', 10, 1, '2014-02-26 00:00:00', 0, 0, 0),
('494', '453', 10, 1, '2014-03-04 00:00:00', 0, 0, 0),
('495', '454', 69, 1, '2014-03-04 00:00:00', 0, 0, 0),
('496', '454', 37, 1, '2014-03-04 00:00:00', 0, 0, 0),
('497', '296', 18, 1, '2014-03-04 00:00:00', 0, 0, 0),
('498', '455', 14, 1, '2014-03-04 00:00:00', 0, 0, 0),
('499', '367', 68, 1, '2014-03-04 00:00:00', 0, 0, 0),
('500', '368', 10, 1, '2014-03-04 00:00:00', 0, 0, 0),
('501', '456', 10, 1, '2014-03-04 00:00:00', 0, 0, 0),
('502', '458', 10, 1, '2014-03-04 00:00:00', 0, 0, 0),
('503', '459', 18, 1, '2014-03-04 00:00:00', 0, 0, 0),
('504', '460', 14, 1, '2014-03-04 00:00:00', 0, 0, 0),
('505', '461', 10, 1, '2014-03-04 00:00:00', 0, 0, 0),
('506', '462', 10, 1, '2014-03-04 00:00:00', 0, 0, 0),
('507', '463', 10, 1, '2014-03-04 00:00:00', 0, 0, 0),
('508', '464', 10, 1, '2014-03-04 00:00:00', 0, 0, 0),
('509', '465', 68, 1, '2014-03-05 00:00:00', 0, 0, 0),
('510', '466', 69, 1, '2014-03-05 00:00:00', 0, 0, 0),
('511', '467', 69, 1, '2014-03-05 00:00:00', 0, 0, 0),
('512', '468', 10, 1, '2014-03-05 00:00:00', 0, 0, 0),
('513', '119', 37, 1, '2014-03-05 00:00:00', 0, 0, 0),
('514', '455', 69, 1, '2014-03-05 00:00:00', 0, 0, 0),
('515', '120', 32, 1, '2014-03-07 00:00:00', 0, 0, 0),
('516', '467', 62, 1, '2014-03-07 00:00:00', 0, 0, 0),
('517', '469', 37, 1, '2014-03-07 00:00:00', 0, 0, 0),
('518', '277', 10, 1, '2014-03-07 00:00:00', 0, 0, 0),
('519', '277', 68, 1, '2014-03-07 00:00:00', 0, 0, 0),
('520', '470', 68, 1, '2014-03-07 00:00:00', 0, 0, 0),
('521', '200023', 10, 1, '2014-03-07 00:00:00', 0, 0, 0),
('522', '191', 10, 1, '2014-03-07 00:00:00', 0, 0, 0),
('523', '190', 10, 1, '2014-03-07 00:00:00', 0, 0, 0),
('524', '471', 41, 1, '2014-03-07 00:00:00', 0, 0, 0),
('525', '472', 68, 1, '2014-03-07 00:00:00', 0, 0, 0),
('526', '133', 10, 1, '2014-03-07 00:00:00', 0, 0, 0),
('527', '474', 68, 1, '2014-03-07 00:00:00', 0, 0, 0),
('528', '77', 18, 1, '2014-03-07 00:00:00', 0, 0, 0),
('529', '475', 18, 1, '2014-03-07 00:00:00', 0, 0, 0),
('530', '457', 10, 1, '2014-03-07 00:00:00', 0, 0, 0),
('531', '477', 75, 1, '2014-03-07 00:00:00', 0, 0, 0),
('532', '143', 10, 1, '2014-03-07 00:00:00', 0, 0, 0),
('533', '52', 68, 1, '2014-03-07 00:00:00', 0, 0, 0),
('534', '478', 10, 1, '2014-03-07 00:00:00', 0, 0, 0),
('535', '200013', 75, 1, '2014-03-07 00:00:00', 0, 0, 0),
('536', '200014', 10, 1, '2014-03-07 00:00:00', 0, 0, 0),
('537', '200015', 68, 1, '2014-03-07 00:00:00', 0, 0, 0),
('538', '210', 10, 1, '2014-03-07 00:00:00', 0, 0, 0),
('539', '100', 37, 1, '2014-03-07 00:00:00', 0, 0, 0),
('540', '43', 10, 1, '2014-03-07 00:00:00', 0, 0, 0),
('541', '116', 10, 1, '2014-03-12 00:00:00', 0, 0, 0),
('542', '116', 68, 1, '2014-03-12 00:00:00', 0, 0, 0),
('543', '489', 68, 1, '2014-03-12 00:00:00', 0, 0, 0),
('544', '490', 10, 1, '2014-03-12 00:00:00', 0, 0, 0),
('545', '490', 68, 1, '2014-03-12 00:00:00', 0, 0, 0),
('546', '177', 10, 1, '2014-03-12 00:00:00', 0, 0, 0),
('547', '160', 10, 1, '2014-03-12 00:00:00', 0, 0, 0),
('548', '491', 10, 1, '2014-03-12 00:00:00', 0, 0, 0),
('549', '491', 68, 1, '2014-03-12 00:00:00', 0, 0, 0),
('550', '492', 10, 1, '2014-03-12 00:00:00', 0, 0, 0),
('551', '493', 69, 1, '2014-03-12 00:00:00', 0, 0, 0),
('552', '494', 68, 1, '2014-03-12 00:00:00', 0, 0, 0),
('553', '495', 68, 1, '2014-03-12 00:00:00', 0, 0, 0),
('554', '273', 10, 1, '2014-03-12 00:00:00', 0, 0, 0),
('555', '66', 10, 1, '2014-03-12 00:00:00', 0, 0, 0),
('556', '66', 68, 1, '2014-03-12 00:00:00', 0, 0, 0),
('557', '208', 10, 1, '2014-03-12 00:00:00', 0, 0, 0),
('558', '208', 68, 1, '2014-03-12 00:00:00', 0, 0, 0),
('559', '496', 10, 1, '2014-03-12 00:00:00', 0, 0, 0),
('560', '163', 10, 1, '2014-03-12 00:00:00', 0, 0, 0),
('561', '497', 68, 1, '2014-03-12 00:00:00', 0, 0, 0),
('562', '184', 18, 1, '2014-03-12 00:00:00', 0, 0, 0),
('563', '498', 69, 1, '2014-03-12 00:00:00', 0, 0, 0),
('564', '499', 10, 1, '2014-03-12 00:00:00', 0, 0, 0),
('565', '254', 10, 1, '2014-03-12 00:00:00', 0, 0, 0),
('566', '85', 10, 1, '2014-03-12 00:00:00', 0, 0, 0),
('567', '500', 10, 1, '2014-03-12 00:00:00', 0, 0, 0),
('568', '501', 10, 1, '2014-03-12 00:00:00', 0, 0, 0),
('569', '501', 63, 1, '2014-03-12 00:00:00', 0, 0, 0),
('570', '502', 18, 1, '2014-03-12 00:00:00', 0, 0, 0),
('571', '503', 18, 1, '2014-03-12 00:00:00', 0, 0, 0),
('572', '220', 10, 1, '2014-03-14 00:00:00', 0, 0, 0),
('573', '511', 37, 1, '2014-03-14 00:00:00', 0, 0, 0),
('574', '159', 10, 1, '2014-03-14 00:00:00', 0, 0, 0),
('575', '512', 62, 1, '2014-03-14 00:00:00', 0, 0, 0),
('576', '513', 10, 1, '2014-03-14 00:00:00', 0, 0, 0),
('577', '467', 37, 1, '2014-03-14 00:00:00', 0, 0, 0),
('578', '515', 37, 1, '2014-03-14 00:00:00', 0, 0, 0),
('579', '516', 10, 1, '2014-03-14 00:00:00', 0, 0, 0),
('580', '110', 10, 1, '2014-03-14 00:00:00', 0, 0, 0),
('581', '517', 10, 1, '2014-03-14 00:00:00', 0, 0, 0),
('582', '518', 10, 1, '2014-03-14 00:00:00', 0, 0, 0),
('583', '519', 18, 1, '2014-03-14 00:00:00', 0, 0, 0),
('584', '520', 18, 1, '2014-03-14 00:00:00', 0, 0, 0),
('585', '521', 10, 1, '2014-03-14 00:00:00', 0, 0, 0),
('586', '58', 10, 1, '2014-03-17 00:00:00', 0, 0, 0),
('587', '522', 10, 1, '2014-03-17 00:00:00', 0, 0, 0),
('588', '523', 10, 1, '2014-03-17 00:00:00', 0, 0, 0),
('589', '524', 37, 1, '2014-03-17 00:00:00', 0, 0, 0),
('590', '41', 68, 1, '2014-03-17 00:00:00', 0, 0, 0),
('591', '525', 10, 1, '2014-03-17 00:00:00', 0, 0, 0),
('592', '526', 37, 1, '2014-03-17 00:00:00', 0, 0, 0),
('593', '526', 75, 1, '2014-03-17 00:00:00', 0, 0, 0),
('594', '522', 63, 1, '2014-03-17 00:00:00', 0, 0, 0),
('595', '32', 10, 1, '2014-03-17 00:00:00', 0, 0, 0),
('596', '37', 85, 1, '2014-03-20 00:00:00', 0, 0, 0),
('597', '542', 10, 1, '2014-03-29 00:00:00', 0, 0, 0),
('598', '498', 68, 1, '2014-03-29 00:00:00', 0, 0, 0),
('599', '543', 32, 1, '2014-03-29 00:00:00', 0, 0, 0),
('600', '544', 53, 1, '2014-03-29 00:00:00', 0, 0, 0),
('601', '227', 10, 1, '2014-03-29 00:00:00', 0, 0, 0),
('602', '363', 10, 1, '2014-03-29 00:00:00', 0, 0, 0),
('603', '545', 68, 1, '2014-03-29 00:00:00', 0, 0, 0),
('604', '546', 10, 1, '2014-03-29 00:00:00', 0, 0, 0),
('605', '547', 10, 1, '2014-03-29 00:00:00', 0, 0, 0),
('606', '548', 68, 1, '2014-03-29 00:00:00', 0, 0, 0),
('607', '549', 10, 1, '2014-03-29 00:00:00', 0, 0, 0),
('608', '549', 68, 1, '2014-03-29 00:00:00', 0, 0, 0),
('609', '550', 10, 1, '2014-03-29 00:00:00', 0, 0, 0),
('610', '550', 68, 1, '2014-03-29 00:00:00', 0, 0, 0),
('611', '551', 10, 1, '2014-03-29 00:00:00', 0, 0, 0),
('612', '102', 10, 1, '2014-03-29 00:00:00', 0, 0, 0),
('613', '419', 75, 1, '2014-03-29 00:00:00', 0, 0, 0),
('614', '552', 10, 1, '2014-03-29 00:00:00', 0, 0, 0),
('615', '151', 10, 1, '2014-03-29 00:00:00', 0, 0, 0),
('616', '299', 68, 1, '2014-03-29 00:00:00', 0, 0, 0),
('617', '553', 10, 1, '2014-03-29 00:00:00', 0, 0, 0),
('618', '553', 18, 1, '2014-03-29 00:00:00', 0, 0, 0),
('619', '554', 37, 1, '2014-03-29 00:00:00', 0, 0, 0),
('620', '317', 10, 1, '2014-03-29 00:00:00', 0, 0, 0),
('621', '317', 68, 1, '2014-03-29 00:00:00', 0, 0, 0),
('622', '169', 10, 1, '2014-03-29 00:00:00', 0, 0, 0),
('623', '169', 68, 1, '2014-03-29 00:00:00', 0, 0, 0),
('624', '555', 10, 1, '2014-03-29 00:00:00', 0, 0, 0),
('625', '303', 10, 1, '2014-03-29 00:00:00', 0, 0, 0),
('626', '299', 68, 1, '2014-03-29 00:00:00', 0, 0, 0),
('627', '299', 63, 1, '2014-03-29 00:00:00', 0, 0, 0),
('628', '272', 75, 1, '2014-03-29 00:00:00', 0, 0, 0),
('629', '171', 68, 1, '2014-03-29 00:00:00', 0, 0, 0),
('630', '556', 75, 1, '2014-03-29 00:00:00', 0, 0, 0),
('631', '67', 10, 1, '2014-03-30 00:00:00', 0, 0, 0),
('632', '557', 10, 1, '2014-03-30 00:00:00', 0, 0, 0),
('634', '391', 10, 1, '2014-03-30 00:00:00', 0, 0, 0),
('635', '542', 111, 1, '2014-03-30 00:00:00', 0, 0, 0),
('636', '558', 14, 1, '2014-03-30 00:00:00', 0, 0, 0),
('637', '168', 37, 1, '2014-03-30 00:00:00', 0, 0, 0),
('638', '559', 10, 1, '2014-03-30 00:00:00', 0, 0, 0),
('639', '269', 69, 1, '2014-03-30 00:00:00', 0, 0, 0),
('640', '560', 37, 1, '2014-03-30 00:00:00', 0, 0, 0),
('641', '561', 37, 1, '2014-03-30 00:00:00', 0, 0, 0),
('642', '562', 69, 1, '2014-03-30 00:00:00', 0, 0, 0),
('643', '563', 10, 1, '2014-03-30 00:00:00', 0, 0, 0),
('644', '564', 68, 1, '2014-03-30 00:00:00', 0, 0, 0),
('645', '263', 10, 1, '2014-03-30 00:00:00', 0, 0, 0),
('646', '565', 18, 1, '2014-03-30 00:00:00', 0, 0, 0),
('647', '566', 63, 1, '2014-03-30 00:00:00', 0, 0, 0),
('648', '44', 10, 1, '2014-03-30 00:00:00', 0, 0, 0),
('649', '567', 107, 1, '2014-03-30 00:00:00', 0, 0, 0),
('650', '568', 111, 1, '2014-03-30 00:00:00', 0, 0, 0),
('651', '189', 18, 1, '2014-03-30 00:00:00', 0, 0, 0),
('652', '467', 75, 1, '2014-03-30 00:00:00', 0, 0, 0),
('653', '569', 10, 1, '2014-03-30 00:00:00', 0, 0, 0),
('654', '570', 10, 1, '2014-03-30 00:00:00', 0, 0, 0),
('655', '571', 68, 1, '2014-03-30 00:00:00', 0, 0, 0),
('656', '572', 10, 1, '2014-03-30 00:00:00', 0, 0, 0),
('657', '572', 68, 1, '2014-03-30 00:00:00', 0, 0, 0),
('658', '573', 10, 1, '2014-03-30 00:00:00', 0, 0, 0),
('659', '154', 10, 1, '2014-03-30 00:00:00', 0, 0, 0),
('660', '574', 10, 1, '2014-03-30 00:00:00', 0, 0, 0),
('661', '574', 112, 1, '2014-03-30 00:00:00', 0, 0, 0),
('662', '575', 10, 1, '2014-03-30 00:00:00', 0, 0, 0),
('663', '576', 69, 1, '2014-04-05 00:00:00', 0, 0, 0),
('664', '577', 68, 1, '2014-04-05 00:00:00', 0, 0, 0),
('665', '578', 69, 1, '2014-04-05 00:00:00', 0, 0, 0),
('666', '579', 63, 1, '2014-04-05 00:00:00', 0, 0, 0),
('667', '184', 78, 1, '2014-04-05 00:00:00', 0, 0, 0),
('668', '184', 77, 1, '2014-04-05 00:00:00', 0, 0, 0),
('669', '184', 76, 1, '2014-04-05 00:00:00', 0, 0, 0),
('670', '205', 78, 1, '2014-04-05 00:00:00', 0, 0, 0),
('671', '205', 77, 1, '2014-04-05 00:00:00', 0, 0, 0),
('672', '205', 76, 1, '2014-04-05 00:00:00', 0, 0, 0),
('673', '391', 69, 1, '2014-04-05 00:00:00', 0, 0, 0),
('674', '580', 69, 1, '2014-04-05 00:00:00', 0, 0, 0),
('675', '41', 68, 1, '2014-04-05 00:00:00', 0, 0, 0),
('676', '581', 78, 1, '2014-04-05 00:00:00', 0, 0, 0),
('677', '581', 77, 1, '2014-04-05 00:00:00', 0, 0, 0),
('678', '581', 76, 1, '2014-04-05 00:00:00', 0, 0, 0),
('679', '167', 76, 1, '2014-04-05 00:00:00', 0, 0, 0),
('680', '167', 77, 1, '2014-04-05 00:00:00', 0, 0, 0),
('682', '119', 18, 1, '2014-04-05 00:00:00', 0, 0, 0),
('683', '582', 76, 1, '2014-04-05 00:00:00', 0, 0, 0),
('684', '582', 77, 1, '2014-04-05 00:00:00', 0, 0, 0),
('685', '582', 78, 1, '2014-04-05 00:00:00', 0, 0, 0),
('686', '583', 76, 1, '2014-04-05 00:00:00', 0, 0, 0),
('687', '583', 77, 1, '2014-04-05 00:00:00', 0, 0, 0),
('688', '583', 78, 1, '2014-04-05 00:00:00', 0, 0, 0),
('689', '584', 76, 1, '2014-04-05 00:00:00', 0, 0, 0),
('690', '584', 77, 1, '2014-04-05 00:00:00', 0, 0, 0),
('691', '584', 78, 1, '2014-04-05 00:00:00', 0, 0, 0),
('692', '585', 76, 1, '2014-04-05 00:00:00', 0, 0, 0),
('693', '585', 77, 1, '2014-04-05 00:00:00', 0, 0, 0),
('694', '585', 78, 1, '2014-04-05 00:00:00', 0, 0, 0),
('695', '159', 76, 1, '2014-04-05 00:00:00', 0, 0, 0),
('696', '159', 77, 1, '2014-04-05 00:00:00', 0, 0, 0),
('697', '159', 78, 1, '2014-04-05 00:00:00', 0, 0, 0),
('698', '586', 76, 1, '2014-04-05 00:00:00', 0, 0, 0),
('699', '586', 77, 1, '2014-04-05 00:00:00', 0, 0, 0),
('700', '586', 78, 1, '2014-04-05 00:00:00', 0, 0, 0),
('701', '587', 68, 1, '2014-04-05 00:00:00', 0, 0, 0),
('702', '587', 76, 1, '2014-04-05 00:00:00', 0, 0, 0),
('703', '587', 77, 1, '2014-04-05 00:00:00', 0, 0, 0),
('704', '587', 78, 1, '2014-04-05 00:00:00', 0, 0, 0),
('705', '588', 76, 1, '2014-04-05 00:00:00', 0, 0, 0),
('706', '588', 77, 1, '2014-04-05 00:00:00', 0, 0, 0),
('707', '588', 78, 1, '2014-04-05 00:00:00', 0, 0, 0),
('708', '167', 75, 1, '2014-04-05 00:00:00', 0, 0, 0),
('709', '589', 76, 1, '2014-04-05 00:00:00', 0, 0, 0),
('710', '589', 77, 1, '2014-04-05 00:00:00', 0, 0, 0),
('711', '589', 78, 1, '2014-04-05 00:00:00', 0, 0, 0),
('712', '336', 37, 1, '2014-04-05 00:00:00', 0, 0, 0),
('713', '208', 69, 1, '2014-04-05 00:00:00', 0, 0, 0),
('714', '102', 63, 1, '2014-04-05 00:00:00', 0, 0, 0),
('715', '590', 76, 1, '2014-04-05 00:00:00', 0, 0, 0),
('716', '590', 77, 1, '2014-04-05 00:00:00', 0, 0, 0),
('717', '590', 78, 1, '2014-04-05 00:00:00', 0, 0, 0),
('718', '591', 76, 1, '2014-04-05 00:00:00', 0, 0, 0),
('719', '591', 77, 1, '2014-04-05 00:00:00', 0, 0, 0),
('720', '591', 78, 1, '2014-04-05 00:00:00', 0, 0, 0),
('721', '167', 78, 1, '2014-04-05 00:00:00', 0, 0, 0),
('722', '618', 76, 1, '2014-04-27 00:00:00', 0, 0, 0),
('723', '618', 77, 1, '2014-04-27 00:00:00', 0, 0, 0),
('724', '618', 78, 1, '2014-04-27 00:00:00', 0, 0, 0),
('728', '620', 76, 1, '2014-04-27 00:00:00', 0, 0, 0),
('729', '620', 77, 1, '2014-04-27 00:00:00', 0, 0, 0),
('730', '620', 78, 1, '2014-04-27 00:00:00', 0, 0, 0),
('731', '280', 76, 1, '2014-04-27 00:00:00', 0, 0, 0),
('732', '280', 77, 1, '2014-04-27 00:00:00', 0, 0, 0),
('733', '280', 78, 1, '2014-04-27 00:00:00', 0, 0, 0),
('734', '280', 68, 1, '2014-04-27 00:00:00', 0, 0, 0),
('735', '621', 76, 1, '2014-04-27 00:00:00', 0, 0, 0),
('736', '621', 77, 1, '2014-04-27 00:00:00', 0, 0, 0),
('737', '621', 78, 1, '2014-04-27 00:00:00', 0, 0, 0),
('738', '447', 76, 1, '2014-04-27 00:00:00', 0, 0, 0),
('739', '447', 77, 1, '2014-04-27 00:00:00', 0, 0, 0),
('740', '447', 78, 1, '2014-04-27 00:00:00', 0, 0, 0),
('741', '622', 32, 1, '2014-04-27 00:00:00', 0, 0, 0),
('742', '622', 77, 1, '2014-04-27 00:00:00', 0, 0, 0),
('743', '622', 78, 1, '2014-04-27 00:00:00', 0, 0, 0),
('744', '623', 69, 1, '2014-04-27 00:00:00', 0, 0, 0),
('745', '623', 76, 1, '2014-04-27 00:00:00', 0, 0, 0),
('746', '623', 77, 1, '2014-04-27 00:00:00', 0, 0, 0),
('747', '623', 78, 1, '2014-04-27 00:00:00', 0, 0, 0),
('748', '562', 69, 1, '2014-04-27 00:00:00', 0, 0, 0),
('749', '624', 76, 1, '2014-04-27 00:00:00', 0, 0, 0),
('750', '624', 77, 1, '2014-04-27 00:00:00', 0, 0, 0),
('751', '624', 78, 1, '2014-04-27 00:00:00', 0, 0, 0),
('752', '120', 76, 1, '2014-04-27 00:00:00', 0, 0, 0),
('753', '120', 77, 1, '2014-04-27 00:00:00', 0, 0, 0),
('754', '120', 78, 1, '2014-04-27 00:00:00', 0, 0, 0),
('755', '31', 76, 1, '2014-04-27 00:00:00', 0, 0, 0),
('756', '31', 77, 1, '2014-04-27 00:00:00', 0, 0, 0),
('757', '31', 78, 1, '2014-04-27 00:00:00', 0, 0, 0),
('758', '625', 37, 1, '2014-04-27 00:00:00', 0, 0, 0),
('763', '152', 76, 1, '2014-04-27 00:00:00', 0, 0, 0),
('764', '152', 77, 1, '2014-04-27 00:00:00', 0, 0, 0),
('765', '152', 78, 1, '2014-04-27 00:00:00', 0, 0, 0),
('766', '627', 76, 1, '2014-04-27 00:00:00', 0, 0, 0),
('767', '627', 77, 1, '2014-04-27 00:00:00', 0, 0, 0),
('768', '627', 78, 1, '2014-04-27 00:00:00', 0, 0, 0),
('769', '628', 63, 1, '2014-04-27 00:00:00', 0, 0, 0),
('770', '269', 76, 1, '2014-04-27 00:00:00', 0, 0, 0),
('771', '269', 77, 1, '2014-04-27 00:00:00', 0, 0, 0),
('772', '269', 78, 1, '2014-04-27 00:00:00', 0, 0, 0),
('773', '269', 68, 1, '2014-04-27 00:00:00', 0, 0, 0),
('774', '200023', 76, 1, '2014-04-27 00:00:00', 0, 0, 0),
('775', '200023', 77, 1, '2014-04-27 00:00:00', 0, 0, 0),
('776', '200023', 78, 1, '2014-04-27 00:00:00', 0, 0, 0),
('777', '200023', 68, 1, '2014-04-27 00:00:00', 0, 0, 0),
('778', '629', 75, 1, '2014-04-27 00:00:00', 0, 0, 0),
('779', '303', 76, 1, '2014-04-27 00:00:00', 0, 0, 0),
('780', '303', 77, 1, '2014-04-27 00:00:00', 0, 0, 0),
('781', '303', 78, 1, '2014-04-27 00:00:00', 0, 0, 0),
('785', '567', 76, 1, '2014-04-27 00:00:00', 0, 0, 0),
('786', '567', 77, 1, '2014-04-27 00:00:00', 0, 0, 0),
('787', '567', 78, 1, '2014-04-27 00:00:00', 0, 0, 0),
('788', '351', 68, 1, '2014-04-27 00:00:00', 0, 0, 0),
('789', '351', 76, 1, '2014-04-27 00:00:00', 0, 0, 0),
('790', '351', 77, 1, '2014-04-27 00:00:00', 0, 0, 0),
('791', '351', 78, 1, '2014-04-27 00:00:00', 0, 0, 0),
('792', '528', 76, 1, '2014-04-27 00:00:00', 0, 0, 0),
('793', '528', 77, 1, '2014-04-27 00:00:00', 0, 0, 0),
('794', '528', 80, 1, '2014-04-27 00:00:00', 0, 0, 0),
('795', '619', 37, 1, '2014-04-27 00:00:00', 0, 0, 0),
('796', '632', 68, 1, '2014-04-27 00:00:00', 0, 0, 0),
('797', '632', 76, 1, '2014-04-27 00:00:00', 0, 0, 0),
('798', '632', 77, 1, '2014-04-27 00:00:00', 0, 0, 0),
('799', '632', 78, 1, '2014-04-27 00:00:00', 0, 0, 0),
('800', '633', 51, 1, '2014-04-27 00:00:00', 0, 0, 0),
('801', '65', 76, 1, '2014-04-27 00:00:00', 0, 0, 0),
('802', '65', 77, 1, '2014-04-27 00:00:00', 0, 0, 0),
('803', '65', 78, 1, '2014-04-27 00:00:00', 0, 0, 0),
('804', '591', 69, 1, '2014-04-27 00:00:00', 0, 0, 0),
('805', '60', 68, 1, '2014-04-27 00:00:00', 0, 0, 0),
('806', '60', 76, 1, '2014-04-27 00:00:00', 0, 0, 0),
('807', '60', 77, 1, '2014-04-27 00:00:00', 0, 0, 0),
('808', '60', 78, 1, '2014-04-27 00:00:00', 0, 0, 0),
('809', '454', 76, 1, '2014-04-27 00:00:00', 0, 0, 0),
('810', '454', 77, 1, '2014-04-27 00:00:00', 0, 0, 0),
('811', '454', 78, 1, '2014-04-27 00:00:00', 0, 0, 0),
('812', '625', 112, 1, '2014-04-27 00:00:00', 0, 0, 0),
('813', '634', 37, 1, '2014-04-27 00:00:00', 0, 0, 0),
('814', '635', 69, 1, '2014-04-27 00:00:00', 0, 0, 0),
('815', '636', 76, 1, '2014-04-27 00:00:00', 0, 0, 0),
('816', '636', 77, 1, '2014-04-27 00:00:00', 0, 0, 0),
('817', '636', 78, 1, '2014-04-27 00:00:00', 0, 0, 0),
('818', '256', 76, 1, '2014-04-27 00:00:00', 0, 0, 0),
('819', '256', 77, 1, '2014-04-27 00:00:00', 0, 0, 0),
('820', '256', 78, 1, '2014-04-27 00:00:00', 0, 0, 0),
('821', '256', 112, 1, '2014-04-27 00:00:00', 0, 0, 0),
('822', '637', 76, 1, '2014-04-27 00:00:00', 0, 0, 0),
('823', '637', 77, 1, '2014-04-27 00:00:00', 0, 0, 0),
('824', '637', 78, 1, '2014-04-27 00:00:00', 0, 0, 0),
('825', '637', 69, 1, '2014-04-27 00:00:00', 0, 0, 0),
('826', '638', 37, 1, '2014-04-27 00:00:00', 0, 0, 0),
('827', '639', 76, 1, '2014-04-27 00:00:00', 0, 0, 0),
('828', '639', 77, 1, '2014-04-27 00:00:00', 0, 0, 0),
('829', '639', 78, 1, '2014-04-27 00:00:00', 0, 0, 0),
('830', '639', 69, 1, '2014-04-27 00:00:00', 0, 0, 0),
('831', '640', 76, 1, '2014-04-27 00:00:00', 0, 0, 0),
('832', '640', 77, 1, '2014-04-27 00:00:00', 0, 0, 0),
('833', '640', 78, 1, '2014-04-27 00:00:00', 0, 0, 0),
('834', '641', 76, 1, '2014-04-27 00:00:00', 0, 0, 0),
('835', '641', 77, 1, '2014-04-27 00:00:00', 0, 0, 0),
('836', '641', 78, 1, '2014-04-27 00:00:00', 0, 0, 0),
('837', '465', 68, 1, '2014-04-27 00:00:00', 0, 0, 0),
('838', '189', 68, 1, '2014-04-27 00:00:00', 0, 0, 0),
('839', '189', 37, 1, '2014-04-27 00:00:00', 0, 0, 0),
('840', '80', 76, 1, '2014-04-27 00:00:00', 0, 0, 0),
('841', '80', 77, 1, '2014-04-27 00:00:00', 0, 0, 0),
('842', '80', 78, 1, '2014-04-27 00:00:00', 0, 0, 0),
('843', '80', 68, 1, '2014-04-27 00:00:00', 0, 0, 0),
('844', '528', 111, 1, '2014-04-27 00:00:00', 0, 0, 0),
('845', '642', 75, 1, '2014-04-27 00:00:00', 0, 0, 0),
('846', '642', 107, 1, '2014-04-27 00:00:00', 0, 0, 0),
('847', '327', 68, 1, '2014-04-27 00:00:00', 0, 0, 0),
('848', '327', 77, 1, '2014-04-27 00:00:00', 0, 0, 0),
('849', '327', 78, 1, '2014-04-27 00:00:00', 0, 0, 0),
('850', '642', 77, 1, '2014-04-27 00:00:00', 0, 0, 0),
('851', '642', 78, 1, '2014-04-27 00:00:00', 0, 0, 0),
('852', '643', 9, 1, '2014-04-27 00:00:00', 0, 0, 0),
('853', '469', 68, 1, '2014-04-28 00:00:00', 0, 0, 0),
('854', '469', 76, 1, '2014-04-28 00:00:00', 0, 0, 0),
('855', '469', 77, 1, '2014-04-28 00:00:00', 0, 0, 0),
('856', '469', 78, 1, '2014-04-28 00:00:00', 0, 0, 0),
('857', '644', 63, 1, '2014-04-28 00:00:00', 0, 0, 0),
('858', '298', 68, 1, '2014-04-28 00:00:00', 0, 0, 0),
('859', '298', 76, 1, '2014-04-28 00:00:00', 0, 0, 0),
('860', '298', 77, 1, '2014-04-28 00:00:00', 0, 0, 0),
('861', '298', 78, 1, '2014-04-28 00:00:00', 0, 0, 0),
('862', '645', 68, 1, '2014-04-28 00:00:00', 0, 0, 0),
('863', '645', 76, 1, '2014-04-28 00:00:00', 0, 0, 0),
('864', '645', 77, 1, '2014-04-28 00:00:00', 0, 0, 0),
('865', '645', 78, 1, '2014-04-28 00:00:00', 0, 0, 0),
('866', '646', 68, 1, '2014-04-28 00:00:00', 0, 0, 0),
('867', '646', 76, 1, '2014-04-28 00:00:00', 0, 0, 0),
('868', '646', 78, 1, '2014-04-28 00:00:00', 0, 0, 0),
('869', '646', 77, 1, '2014-04-28 00:00:00', 0, 0, 0),
('870', '301', 75, 1, '2014-04-28 00:00:00', 0, 0, 0),
('871', '170', 75, 1, '2014-04-28 00:00:00', 0, 0, 0),
('872', '170', 78, 1, '2014-04-28 00:00:00', 0, 0, 0),
('873', '170', 77, 1, '2014-04-28 00:00:00', 0, 0, 0),
('874', '575', 75, 1, '2014-04-28 00:00:00', 0, 0, 0),
('875', '575', 77, 1, '2014-04-28 00:00:00', 0, 0, 0),
('876', '575', 78, 1, '2014-04-28 00:00:00', 0, 0, 0),
('877', '493', 75, 1, '2014-04-28 00:00:00', 0, 0, 0),
('878', '511', 51, 1, '2014-04-28 00:00:00', 0, 0, 0),
('879', '647', 63, 1, '2014-04-28 00:00:00', 0, 0, 0),
('880', '648', 37, 1, '2014-04-28 00:00:00', 0, 0, 0),
('881', '648', 77, 1, '2014-04-28 00:00:00', 0, 0, 0),
('882', '648', 78, 1, '2014-04-28 00:00:00', 0, 0, 0),
('883', '314', 69, 1, '2014-04-28 00:00:00', 0, 0, 0),
('884', '185', 37, 1, '2014-04-28 00:00:00', 0, 0, 0),
('885', '433', 76, 1, '2014-04-28 00:00:00', 0, 0, 0),
('886', '433', 77, 1, '2014-04-28 00:00:00', 0, 0, 0),
('887', '433', 78, 1, '2014-04-28 00:00:00', 0, 0, 0),
('888', '318', 77, 1, '2014-04-28 00:00:00', 0, 0, 0),
('889', '318', 78, 1, '2014-04-28 00:00:00', 0, 0, 0),
('890', '318', 37, 1, '2014-04-28 00:00:00', 0, 0, 0),
('891', '649', 76, 1, '2014-04-28 00:00:00', 0, 0, 0),
('892', '649', 77, 1, '2014-04-28 00:00:00', 0, 0, 0),
('893', '649', 78, 1, '2014-04-28 00:00:00', 0, 0, 0),
('894', '560', 77, 1, '2014-04-28 00:00:00', 0, 0, 0),
('895', '560', 78, 1, '2014-04-28 00:00:00', 0, 0, 0),
('896', '560', 18, 1, '2014-04-28 00:00:00', 0, 0, 0),
('897', '650', 68, 1, '2014-04-28 00:00:00', 0, 0, 0),
('898', '650', 76, 1, '2014-04-28 00:00:00', 0, 0, 0),
('899', '650', 77, 1, '2014-04-28 00:00:00', 0, 0, 0),
('900', '650', 78, 1, '2014-04-28 00:00:00', 0, 0, 0),
('901', '651', 76, 1, '2014-04-28 00:00:00', 0, 0, 0),
('902', '651', 77, 1, '2014-04-28 00:00:00', 0, 0, 0),
('903', '651', 78, 1, '2014-04-28 00:00:00', 0, 0, 0),
('904', '249', 69, 1, '2014-04-28 00:00:00', 0, 0, 0),
('905', '652', 75, 1, '2014-04-28 00:00:00', 0, 0, 0),
('906', '653', 37, 1, '2014-04-28 00:00:00', 0, 0, 0),
('907', '43', 76, 1, '2014-04-28 00:00:00', 0, 0, 0),
('908', '43', 77, 1, '2014-04-28 00:00:00', 0, 0, 0),
('909', '43', 78, 1, '2014-04-28 00:00:00', 0, 0, 0),
('910', '654', 63, 1, '2014-04-28 00:00:00', 0, 0, 0),
('911', '655', 76, 1, '2014-04-28 00:00:00', 0, 0, 0),
('912', '655', 77, 1, '2014-04-28 00:00:00', 0, 0, 0),
('913', '655', 78, 1, '2014-04-28 00:00:00', 0, 0, 0),
('914', '656', 76, 1, '2014-04-28 00:00:00', 0, 0, 0),
('915', '656', 77, 1, '2014-04-28 00:00:00', 0, 0, 0),
('916', '656', 78, 1, '2014-04-28 00:00:00', 0, 0, 0),
('917', '657', 76, 1, '2014-04-28 00:00:00', 0, 0, 0),
('918', '657', 77, 1, '2014-04-28 00:00:00', 0, 0, 0),
('919', '657', 78, 1, '2014-04-28 00:00:00', 0, 0, 0),
('920', '658', 77, 1, '2014-04-28 00:00:00', 0, 0, 0),
('921', '658', 78, 1, '2014-04-28 00:00:00', 0, 0, 0),
('922', '658', 68, 1, '2014-04-28 00:00:00', 0, 0, 0),
('923', '659', 76, 1, '2014-04-28 00:00:00', 0, 0, 0),
('924', '659', 77, 1, '2014-04-28 00:00:00', 0, 0, 0),
('925', '659', 78, 1, '2014-04-28 00:00:00', 0, 0, 0),
('926', '659', 68, 1, '2014-04-28 00:00:00', 0, 0, 0),
('927', '323', 76, 1, '2014-04-28 00:00:00', 0, 0, 0),
('928', '323', 77, 1, '2014-04-28 00:00:00', 0, 0, 0),
('929', '323', 78, 1, '2014-04-28 00:00:00', 0, 0, 0),
('930', '151', 76, 1, '2014-04-28 00:00:00', 0, 0, 0),
('931', '151', 77, 1, '2014-04-28 00:00:00', 0, 0, 0),
('932', '151', 78, 1, '2014-04-28 00:00:00', 0, 0, 0),
('933', '660', 76, 1, '2014-04-28 00:00:00', 0, 0, 0),
('934', '660', 77, 1, '2014-04-28 00:00:00', 0, 0, 0),
('935', '660', 78, 1, '2014-04-28 00:00:00', 0, 0, 0),
('936', '661', 76, 1, '2014-04-28 00:00:00', 0, 0, 0),
('937', '661', 77, 1, '2014-04-28 00:00:00', 0, 0, 0),
('938', '661', 78, 1, '2014-04-28 00:00:00', 0, 0, 0),
('939', '662', 76, 1, '2014-04-28 00:00:00', 0, 0, 0),
('940', '662', 77, 1, '2014-04-28 00:00:00', 0, 0, 0),
('941', '662', 78, 1, '2014-04-28 00:00:00', 0, 0, 0),
('942', '663', 76, 1, '2014-04-28 00:00:00', 0, 0, 0),
('943', '663', 77, 1, '2014-04-28 00:00:00', 0, 0, 0),
('944', '663', 78, 1, '2014-04-28 00:00:00', 0, 0, 0),
('945', '664', 37, 1, '2014-04-28 00:00:00', 0, 0, 0),
('946', '491', 77, 1, '2014-04-28 00:00:00', 0, 0, 0),
('947', '491', 78, 1, '2014-04-28 00:00:00', 0, 0, 0),
('948', '491', 75, 1, '2014-04-28 00:00:00', 0, 0, 0),
('949', '146', 41, 1, '2014-04-28 00:00:00', 0, 0, 0),
('950', '200018', 76, 1, '2014-04-28 00:00:00', 0, 0, 0),
('951', '200018', 77, 1, '2014-04-28 00:00:00', 0, 0, 0),
('952', '200018', 78, 1, '2014-04-28 00:00:00', 0, 0, 0),
('953', '665', 76, 1, '2014-04-28 00:00:00', 0, 0, 0),
('954', '665', 77, 1, '2014-04-28 00:00:00', 0, 0, 0),
('955', '665', 78, 1, '2014-04-28 00:00:00', 0, 0, 0),
('956', '666', 75, 1, '2014-04-28 00:00:00', 0, 0, 0),
('957', '497', 68, 1, '2014-04-28 00:00:00', 0, 0, 0),
('958', '667', 80, 1, '2014-04-28 00:00:00', 0, 0, 0),
('959', '667', 83, 1, '2014-04-28 00:00:00', 0, 0, 0),
('960', '667', 84, 1, '2014-04-28 00:00:00', 0, 0, 0),
('961', '668', 75, 1, '2014-04-28 00:00:00', 0, 0, 0),
('962', '669', 76, 1, '2014-04-28 00:00:00', 0, 0, 0);
INSERT INTO `community_members_opd_cases` (`rec_no`, `community_member_id`, `opd_case_id`, `cho_id`, `rec_date`, `server_rec_no`, `rec_state`, `lab`) VALUES
('963', '669', 77, 1, '2014-04-28 00:00:00', 0, 0, 0),
('964', '669', 78, 1, '2014-04-28 00:00:00', 0, 0, 0),
('965', '77', 76, 1, '2014-04-28 00:00:00', 0, 0, 0),
('966', '77', 77, 1, '2014-04-28 00:00:00', 0, 0, 0),
('967', '77', 78, 1, '2014-04-28 00:00:00', 0, 0, 0),
('968', '670', 37, 1, '2014-04-28 00:00:00', 0, 0, 0),
('969', '236', 68, 1, '2014-04-28 00:00:00', 0, 0, 0),
('970', '171', 68, 1, '2014-04-28 00:00:00', 0, 0, 0),
('971', '543', 32, 1, '2014-04-28 00:00:00', 0, 0, 0),
('972', '556', 68, 1, '2014-04-28 00:00:00', 0, 0, 0),
('973', '148', 75, 1, '2014-04-28 00:00:00', 0, 0, 0),
('974', '148', 77, 1, '2014-04-28 00:00:00', 0, 0, 0),
('975', '148', 78, 1, '2014-04-28 00:00:00', 0, 0, 0),
('976', '671', 26, 1, '2014-04-28 00:00:00', 0, 0, 0),
('977', '672', 76, 1, '2014-04-28 00:00:00', 0, 0, 0),
('978', '672', 77, 1, '2014-04-28 00:00:00', 0, 0, 0),
('979', '672', 78, 1, '2014-04-28 00:00:00', 0, 0, 0),
('980', '673', 68, 1, '2014-04-29 00:00:00', 0, 0, 0),
('981', '674', 107, 1, '2014-04-29 00:00:00', 0, 0, 0),
('982', '675', 76, 1, '2014-04-29 00:00:00', 0, 0, 0),
('983', '675', 77, 1, '2014-04-29 00:00:00', 0, 0, 0),
('984', '675', 78, 1, '2014-04-29 00:00:00', 0, 0, 0),
('985', '676', 69, 1, '2014-04-29 00:00:00', 0, 0, 0),
('986', '677', 69, 1, '2014-04-29 00:00:00', 0, 0, 0),
('987', '678', 76, 1, '2014-04-29 00:00:00', 0, 0, 0),
('988', '678', 77, 1, '2014-04-29 00:00:00', 0, 0, 0),
('989', '678', 78, 1, '2014-04-29 00:00:00', 0, 0, 0),
('990', '679', 37, 1, '2014-04-29 00:00:00', 0, 0, 0),
('991', '305', 71, 1, '2014-04-29 00:00:00', 0, 0, 0),
('992', '680', 76, 1, '2014-04-29 00:00:00', 0, 0, 0),
('993', '680', 77, 1, '2014-04-29 00:00:00', 0, 0, 0),
('994', '680', 78, 1, '2014-04-29 00:00:00', 0, 0, 0),
('995', '681', 18, 1, '2014-04-29 00:00:00', 0, 0, 0),
('996', '150', 76, 1, '2014-04-29 00:00:00', 0, 0, 0),
('997', '150', 77, 1, '2014-04-29 00:00:00', 0, 0, 0),
('998', '150', 78, 1, '2014-04-29 00:00:00', 0, 0, 0),
('999', '193', 80, 1, '2014-04-29 00:00:00', 0, 0, 0),
('1000', '193', 83, 1, '2014-04-29 00:00:00', 0, 0, 0),
('1001', '193', 84, 1, '2014-04-29 00:00:00', 0, 0, 0),
('1002', '682', 68, 1, '2014-04-29 00:00:00', 0, 0, 0),
('1003', '682', 77, 1, '2014-04-29 00:00:00', 0, 0, 0),
('1004', '682', 78, 1, '2014-04-29 00:00:00', 0, 0, 0),
('1005', '683', 37, 1, '2014-04-29 00:00:00', 0, 0, 0),
('1006', '683', 47, 1, '2014-04-29 00:00:00', 0, 0, 0),
('1007', '684', 37, 1, '2014-04-29 00:00:00', 0, 0, 0),
('1008', '684', 77, 1, '2014-04-29 00:00:00', 0, 0, 0),
('1009', '684', 78, 1, '2014-04-29 00:00:00', 0, 0, 0),
('1010', '169', 18, 1, '2014-04-29 00:00:00', 0, 0, 0),
('1011', '218', 37, 1, '2014-04-29 00:00:00', 0, 0, 0),
('1012', '634', 75, 1, '2014-04-29 00:00:00', 0, 0, 0),
('1013', '655', 75, 1, '2014-04-29 00:00:00', 0, 0, 0),
('1014', '685', 76, 1, '2014-04-29 00:00:00', 0, 0, 0),
('1015', '685', 77, 1, '2014-04-29 00:00:00', 0, 0, 0),
('1016', '685', 78, 1, '2014-04-29 00:00:00', 0, 0, 0),
('1017', '686', 76, 1, '2014-04-29 00:00:00', 0, 0, 0),
('1018', '686', 77, 1, '2014-04-29 00:00:00', 0, 0, 0),
('1019', '686', 78, 1, '2014-04-29 00:00:00', 0, 0, 0),
('1020', '687', 77, 1, '2014-04-29 00:00:00', 0, 0, 0),
('1021', '687', 78, 1, '2014-04-29 00:00:00', 0, 0, 0),
('1022', '687', 37, 1, '2014-04-29 00:00:00', 0, 0, 0),
('1023', '531', 44, 1, '2014-04-29 00:00:00', 0, 0, 0),
('1024', '52', 68, 1, '2014-04-29 00:00:00', 0, 0, 0),
('1025', '52', 76, 1, '2014-04-29 00:00:00', 0, 0, 0),
('1026', '52', 77, 1, '2014-04-29 00:00:00', 0, 0, 0),
('1027', '52', 78, 1, '2014-04-29 00:00:00', 0, 0, 0),
('1028', '410', 76, 1, '2014-04-29 00:00:00', 0, 0, 0),
('1029', '410', 77, 1, '2014-04-29 00:00:00', 0, 0, 0),
('1030', '410', 78, 1, '2014-04-29 00:00:00', 0, 0, 0),
('1032', '98', 77, 1, '2014-04-29 00:00:00', 0, 0, 0),
('1033', '98', 78, 1, '2014-04-29 00:00:00', 0, 0, 0),
('1034', '129', 68, 1, '2014-04-29 00:00:00', 0, 0, 0),
('1035', '129', 76, 1, '2014-04-29 00:00:00', 0, 0, 0),
('1036', '129', 77, 1, '2014-04-29 00:00:00', 0, 0, 0),
('1037', '129', 78, 1, '2014-04-29 00:00:00', 0, 0, 0),
('1038', '200030', 76, 1, '2014-04-29 00:00:00', 0, 0, 0),
('1039', '200030', 77, 1, '2014-04-29 00:00:00', 0, 0, 0),
('1040', '200030', 78, 1, '2014-04-29 00:00:00', 0, 0, 0),
('1041', '368', 76, 1, '2014-04-29 00:00:00', 0, 0, 0),
('1042', '368', 77, 1, '2014-04-29 00:00:00', 0, 0, 0),
('1043', '368', 78, 1, '2014-04-29 00:00:00', 0, 0, 0),
('1044', '688', 76, 1, '2014-04-29 00:00:00', 0, 0, 0),
('1045', '688', 77, 1, '2014-04-29 00:00:00', 0, 0, 0),
('1046', '688', 78, 1, '2014-04-29 00:00:00', 0, 0, 0),
('1047', '319', 76, 1, '2014-04-29 00:00:00', 0, 0, 0),
('1048', '319', 77, 1, '2014-04-29 00:00:00', 0, 0, 0),
('1049', '319', 78, 1, '2014-04-29 00:00:00', 0, 0, 0),
('1050', '689', 76, 1, '2014-04-29 00:00:00', 0, 0, 0),
('1051', '689', 77, 1, '2014-04-29 00:00:00', 0, 0, 0),
('1052', '689', 78, 1, '2014-04-29 00:00:00', 0, 0, 0),
('1053', '690', 76, 1, '2014-04-29 00:00:00', 0, 0, 0),
('1054', '690', 77, 1, '2014-04-29 00:00:00', 0, 0, 0),
('1055', '690', 78, 1, '2014-04-29 00:00:00', 0, 0, 0),
('1056', '691', 75, 1, '2014-04-29 00:00:00', 0, 0, 0),
('1057', '691', 77, 1, '2014-04-29 00:00:00', 0, 0, 0),
('1058', '691', 78, 1, '2014-04-29 00:00:00', 0, 0, 0),
('1059', '692', 60, 1, '2014-04-29 00:00:00', 0, 0, 0),
('1060', '167', 76, 1, '2014-04-29 00:00:00', 0, 0, 0),
('1061', '167', 77, 1, '2014-04-29 00:00:00', 0, 0, 0),
('1062', '167', 78, 1, '2014-04-29 00:00:00', 0, 0, 0),
('1063', '503', 68, 1, '2014-04-29 00:00:00', 0, 0, 0),
('1064', '503', 76, 1, '2014-04-29 00:00:00', 0, 0, 0),
('1065', '503', 77, 1, '2014-04-29 00:00:00', 0, 0, 0),
('1066', '503', 78, 1, '2014-04-29 00:00:00', 0, 0, 0),
('1067', '693', 77, 1, '2014-04-29 00:00:00', 0, 0, 0),
('1068', '693', 78, 1, '2014-04-29 00:00:00', 0, 0, 0),
('1069', '693', 75, 1, '2014-04-29 00:00:00', 0, 0, 0),
('1070', '694', 75, 1, '2014-04-29 00:00:00', 0, 0, 0),
('1071', '694', 77, 1, '2014-04-29 00:00:00', 0, 0, 0),
('1072', '694', 78, 1, '2014-04-29 00:00:00', 0, 0, 0),
('1073', '208', 75, 1, '2014-04-29 00:00:00', 0, 0, 0),
('1074', '208', 77, 1, '2014-04-29 00:00:00', 0, 0, 0),
('1075', '208', 78, 1, '2014-04-29 00:00:00', 0, 0, 0),
('1076', '322', 76, 1, '2014-04-29 00:00:00', 0, 0, 0),
('1077', '322', 77, 1, '2014-04-29 00:00:00', 0, 0, 0),
('1078', '322', 78, 1, '2014-04-29 00:00:00', 0, 0, 0),
('1079', '695', 77, 1, '2014-04-29 00:00:00', 0, 0, 0),
('1080', '695', 78, 1, '2014-04-29 00:00:00', 0, 0, 0),
('1081', '695', 75, 1, '2014-04-29 00:00:00', 0, 0, 0),
('1082', '100', 76, 1, '2014-04-29 00:00:00', 0, 0, 0),
('1083', '100', 77, 1, '2014-04-29 00:00:00', 0, 0, 0),
('1084', '100', 78, 1, '2014-04-29 00:00:00', 0, 0, 0),
('1085', '696', 76, 1, '2014-04-29 00:00:00', 0, 0, 0),
('1086', '696', 77, 1, '2014-04-29 00:00:00', 0, 0, 0),
('1087', '696', 78, 1, '2014-04-29 00:00:00', 0, 0, 0),
('1088', '697', 18, 1, '2014-04-29 00:00:00', 0, 0, 0),
('1089', '697', 77, 1, '2014-04-29 00:00:00', 0, 0, 0),
('1090', '697', 78, 1, '2014-04-29 00:00:00', 0, 0, 0),
('1091', '549', 18, 1, '2014-04-29 00:00:00', 0, 0, 0),
('1092', '549', 77, 1, '2014-04-29 00:00:00', 0, 0, 0),
('1093', '549', 78, 1, '2014-04-29 00:00:00', 0, 0, 0),
('1094', '698', 68, 1, '2014-04-29 00:00:00', 0, 0, 0),
('1095', '148', 76, 1, '2014-04-29 00:00:00', 0, 0, 0),
('1096', '148', 77, 1, '2014-04-29 00:00:00', 0, 0, 0),
('1097', '148', 78, 1, '2014-04-29 00:00:00', 0, 0, 0),
('1098', '699', 76, 1, '2014-04-29 00:00:00', 0, 0, 0),
('1099', '699', 77, 1, '2014-04-29 00:00:00', 0, 0, 0),
('1100', '699', 78, 1, '2014-04-29 00:00:00', 0, 0, 0),
('1101', '334', 76, 1, '2014-04-29 00:00:00', 0, 0, 0),
('1102', '334', 77, 1, '2014-04-29 00:00:00', 0, 0, 0),
('1103', '334', 78, 1, '2014-04-29 00:00:00', 0, 0, 0),
('1104', '713', 76, 1, '2014-04-30 00:00:00', 0, 0, 0),
('1105', '713', 77, 1, '2014-04-30 00:00:00', 0, 0, 0),
('1106', '713', 78, 1, '2014-04-30 00:00:00', 0, 0, 0),
('1107', '125', 76, 1, '2014-04-30 00:00:00', 0, 0, 0),
('1108', '125', 77, 1, '2014-04-30 00:00:00', 0, 0, 0),
('1109', '125', 78, 1, '2014-04-30 00:00:00', 0, 0, 0),
('1110', '220', 76, 1, '2014-04-30 00:00:00', 0, 0, 0),
('1111', '220', 77, 1, '2014-04-30 00:00:00', 0, 0, 0),
('1112', '220', 78, 1, '2014-04-30 00:00:00', 0, 0, 0),
('1113', '426', 76, 1, '2014-04-30 00:00:00', 0, 0, 0),
('1114', '426', 77, 1, '2014-04-30 00:00:00', 0, 0, 0),
('1115', '426', 78, 1, '2014-04-30 00:00:00', 0, 0, 0),
('1116', '714', 18, 1, '2014-04-30 00:00:00', 0, 0, 0),
('1117', '338', 54, 1, '2014-04-30 00:00:00', 0, 0, 0),
('1118', '200015', 69, 1, '2014-04-30 00:00:00', 0, 0, 0),
('1119', '715', 76, 1, '2014-04-30 00:00:00', 0, 0, 0),
('1120', '715', 77, 1, '2014-04-30 00:00:00', 0, 0, 0),
('1121', '715', 78, 1, '2014-04-30 00:00:00', 0, 0, 0),
('1122', '716', 76, 1, '2014-04-30 00:00:00', 0, 0, 0),
('1123', '716', 77, 1, '2014-04-30 00:00:00', 0, 0, 0),
('1124', '716', 78, 1, '2014-04-30 00:00:00', 0, 0, 0),
('1125', '717', 76, 1, '2014-04-30 00:00:00', 0, 0, 0),
('1126', '717', 77, 1, '2014-04-30 00:00:00', 0, 0, 0),
('1127', '717', 78, 1, '2014-04-30 00:00:00', 0, 0, 0),
('1128', '396', 32, 1, '2014-04-30 00:00:00', 0, 0, 0),
('1129', '718', 76, 1, '2014-04-30 00:00:00', 0, 0, 0),
('1130', '718', 77, 1, '2014-04-30 00:00:00', 0, 0, 0),
('1131', '718', 78, 1, '2014-04-30 00:00:00', 0, 0, 0),
('1132', '186', 76, 1, '2014-04-30 00:00:00', 0, 0, 0),
('1133', '186', 77, 1, '2014-04-30 00:00:00', 0, 0, 0),
('1134', '186', 78, 1, '2014-04-30 00:00:00', 0, 0, 0),
('1135', '719', 75, 1, '2014-04-30 00:00:00', 0, 0, 0),
('1136', '70', 76, 1, '2014-04-30 00:00:00', 0, 0, 0),
('1137', '70', 77, 1, '2014-04-30 00:00:00', 0, 0, 0),
('1138', '70', 78, 1, '2014-04-30 00:00:00', 0, 0, 0),
('1139', '720', 76, 1, '2014-04-30 00:00:00', 0, 0, 0),
('1140', '720', 77, 1, '2014-04-30 00:00:00', 0, 0, 0),
('1141', '720', 78, 1, '2014-04-30 00:00:00', 0, 0, 0),
('1142', '721', 18, 1, '2014-04-30 00:00:00', 0, 0, 0),
('1143', '109', 68, 1, '2014-04-30 00:00:00', 0, 0, 0),
('1144', '185', 37, 1, '2014-04-30 00:00:00', 0, 0, 0),
('1145', '498', 69, 1, '2014-04-30 00:00:00', 0, 0, 0),
('1146', '719', 77, 1, '2014-04-30 00:00:00', 0, 0, 0),
('1147', '719', 78, 1, '2014-04-30 00:00:00', 0, 0, 0),
('1148', '159', 76, 1, '2014-05-12 00:00:00', 0, 0, 0),
('1149', '159', 77, 1, '2014-05-12 00:00:00', 0, 0, 0),
('1150', '159', 78, 1, '2014-05-12 00:00:00', 0, 0, 0),
('1151', '186', 76, 1, '2014-05-12 00:00:00', 0, 0, 0),
('1152', '186', 77, 1, '2014-05-12 00:00:00', 0, 0, 0),
('1153', '186', 78, 1, '2014-05-12 00:00:00', 0, 0, 0),
('1154', '722', 76, 1, '2014-05-12 00:00:00', 0, 0, 0),
('1155', '722', 77, 1, '2014-05-12 00:00:00', 0, 0, 0),
('1156', '722', 78, 1, '2014-05-12 00:00:00', 0, 0, 0),
('1157', '273', 37, 1, '2014-05-12 00:00:00', 0, 0, 0),
('1158', '273', 32, 1, '2014-05-12 00:00:00', 0, 0, 0),
('1159', '135', 75, 1, '2014-05-12 00:00:00', 0, 0, 0),
('1160', '315', 76, 1, '2014-05-12 00:00:00', 0, 0, 0),
('1161', '315', 77, 1, '2014-05-12 00:00:00', 0, 0, 0),
('1162', '315', 78, 1, '2014-05-12 00:00:00', 0, 0, 0),
('1163', '639', 112, 1, '2014-05-12 00:00:00', 0, 0, 0),
('1164', '723', 68, 1, '2014-05-12 00:00:00', 0, 0, 0),
('1165', '724', 68, 1, '2014-05-12 00:00:00', 0, 0, 0),
('1166', '524', 32, 1, '2014-05-12 00:00:00', 0, 0, 0),
('1167', '524', 37, 1, '2014-05-12 00:00:00', 0, 0, 0),
('1168', '220', 69, 1, '2014-05-12 00:00:00', 0, 0, 0),
('1169', '725', 76, 1, '2014-05-12 00:00:00', 0, 0, 0),
('1170', '725', 77, 1, '2014-05-12 00:00:00', 0, 0, 0),
('1171', '725', 78, 1, '2014-05-12 00:00:00', 0, 0, 0),
('1172', '725', 68, 1, '2014-05-12 00:00:00', 0, 0, 0),
('1173', '726', 76, 1, '2014-05-12 00:00:00', 0, 0, 0),
('1174', '726', 77, 1, '2014-05-12 00:00:00', 0, 0, 0),
('1175', '726', 78, 1, '2014-05-12 00:00:00', 0, 0, 0),
('1176', '727', 32, 1, '2014-05-12 00:00:00', 0, 0, 0),
('1177', '728', 76, 1, '2014-05-12 00:00:00', 0, 0, 0),
('1178', '728', 77, 1, '2014-05-12 00:00:00', 0, 0, 0),
('1179', '728', 78, 1, '2014-05-12 00:00:00', 0, 0, 0),
('1180', '729', 76, 1, '2014-05-14 00:00:00', 0, 0, 0),
('1181', '729', 77, 1, '2014-05-14 00:00:00', 0, 0, 0),
('1182', '729', 78, 1, '2014-05-14 00:00:00', 0, 0, 0),
('1183', '264', 76, 1, '2014-05-14 00:00:00', 0, 0, 0),
('1184', '264', 77, 1, '2014-05-14 00:00:00', 0, 0, 0),
('1185', '264', 78, 1, '2014-05-14 00:00:00', 0, 0, 0),
('1186', '264', 68, 1, '2014-05-14 00:00:00', 0, 0, 0),
('1187', '730', 76, 1, '2014-05-14 00:00:00', 0, 0, 0),
('1188', '730', 77, 1, '2014-05-14 00:00:00', 0, 0, 0),
('1189', '730', 78, 1, '2014-05-14 00:00:00', 0, 0, 0),
('1190', '731', 76, 1, '2014-05-14 00:00:00', 0, 0, 0),
('1191', '731', 77, 1, '2014-05-14 00:00:00', 0, 0, 0),
('1192', '731', 78, 1, '2014-05-14 00:00:00', 0, 0, 0),
('1193', '722', 51, 1, '2014-05-14 00:00:00', 0, 0, 0),
('1194', '732', 77, 1, '2014-05-14 00:00:00', 0, 0, 0),
('1195', '732', 78, 1, '2014-05-14 00:00:00', 0, 0, 0),
('1196', '732', 32, 1, '2014-05-14 00:00:00', 0, 0, 0),
('1197', '733', 77, 1, '2014-05-14 00:00:00', 0, 0, 0),
('1198', '733', 78, 1, '2014-05-14 00:00:00', 0, 0, 0),
('1199', '733', 75, 1, '2014-05-14 00:00:00', 0, 0, 0),
('1200', '455', 80, 1, '2014-05-14 00:00:00', 0, 0, 0),
('1201', '455', 83, 1, '2014-05-14 00:00:00', 0, 0, 0),
('1202', '455', 84, 1, '2014-05-14 00:00:00', 0, 0, 0),
('1203', '734', 76, 1, '2014-05-14 00:00:00', 0, 0, 0),
('1204', '734', 77, 1, '2014-05-14 00:00:00', 0, 0, 0),
('1205', '734', 78, 1, '2014-05-14 00:00:00', 0, 0, 0),
('1206', '735', 76, 1, '2014-05-14 00:00:00', 0, 0, 0),
('1207', '735', 77, 1, '2014-05-14 00:00:00', 0, 0, 0),
('1208', '735', 78, 1, '2014-05-14 00:00:00', 0, 0, 0),
('1209', '736', 76, 1, '2014-05-14 00:00:00', 0, 0, 0),
('1210', '736', 77, 1, '2014-05-14 00:00:00', 0, 0, 0),
('1211', '736', 78, 1, '2014-05-14 00:00:00', 0, 0, 0),
('1212', '736', 68, 1, '2014-05-14 00:00:00', 0, 0, 0),
('1214', '737', 77, 1, '2014-05-14 00:00:00', 0, 0, 0),
('1215', '737', 78, 1, '2014-05-14 00:00:00', 0, 0, 0),
('1216', '59', 76, 1, '2014-05-14 00:00:00', 0, 0, 0),
('1217', '59', 78, 1, '2014-05-14 00:00:00', 0, 0, 0),
('1218', '59', 77, 1, '2014-05-14 00:00:00', 0, 0, 0),
('1219', '733', 18, 1, '2014-05-14 00:00:00', 0, 0, 0),
('1220', '398', 76, 1, '2014-05-14 00:00:00', 0, 0, 0),
('1221', '398', 77, 1, '2014-05-14 00:00:00', 0, 0, 0),
('1222', '398', 78, 1, '2014-05-14 00:00:00', 0, 0, 0),
('1223', '738', 76, 1, '2014-05-14 00:00:00', 0, 0, 0),
('1224', '738', 77, 1, '2014-05-14 00:00:00', 0, 0, 0),
('1225', '738', 78, 1, '2014-05-14 00:00:00', 0, 0, 0),
('1226', '739', 37, 1, '2014-05-14 00:00:00', 0, 0, 0),
('1227', '269', 68, 1, '2014-05-14 00:00:00', 0, 0, 0),
('1228', '401', 18, 1, '2014-05-26 00:00:00', 0, 0, 0),
('1229', '401', 77, 1, '2014-05-26 00:00:00', 0, 0, 0),
('1230', '401', 78, 1, '2014-05-26 00:00:00', 0, 0, 0),
('1231', '737', 76, 1, '2014-05-26 00:00:00', 0, 0, 0),
('1232', '737', 68, 1, '2014-05-26 00:00:00', 0, 0, 0),
('1233', '740', 82, 1, '2014-05-26 00:00:00', 0, 0, 0),
('1234', '740', 83, 1, '2014-05-26 00:00:00', 0, 0, 0),
('1235', '740', 84, 1, '2014-05-26 00:00:00', 0, 0, 0),
('1236', '471', 75, 1, '2014-05-26 00:00:00', 0, 0, 0),
('1237', '741', 32, 1, '2014-05-26 00:00:00', 0, 0, 0),
('1238', '93', 76, 1, '2014-05-26 00:00:00', 0, 0, 0),
('1239', '93', 77, 1, '2014-05-26 00:00:00', 0, 0, 0),
('1240', '93', 78, 1, '2014-05-26 00:00:00', 0, 0, 0),
('1241', '244', 75, 1, '2014-05-26 00:00:00', 0, 0, 0),
('1242', '428', 75, 1, '2014-05-26 00:00:00', 0, 0, 0),
('1243', '742', 75, 1, '2014-05-26 00:00:00', 0, 0, 0),
('1245', '743', 77, 1, '2014-05-26 00:00:00', 0, 0, 0),
('1246', '743', 78, 1, '2014-05-26 00:00:00', 0, 0, 0),
('1247', '566', 76, 1, '2014-05-26 00:00:00', 0, 0, 0),
('1248', '566', 77, 1, '2014-05-26 00:00:00', 0, 0, 0),
('1249', '566', 78, 1, '2014-05-26 00:00:00', 0, 0, 0),
('1250', '743', 18, 1, '2014-05-26 00:00:00', 0, 0, 0),
('1251', '85', 63, 1, '2014-05-26 00:00:00', 0, 0, 0),
('1252', '417', 76, 1, '2014-05-26 00:00:00', 0, 0, 0),
('1253', '417', 77, 1, '2014-05-26 00:00:00', 0, 0, 0),
('1254', '417', 78, 1, '2014-05-26 00:00:00', 0, 0, 0),
('1255', '744', 75, 1, '2014-05-26 00:00:00', 0, 0, 0),
('1256', '578', 68, 1, '2014-05-26 00:00:00', 0, 0, 0),
('1257', '578', 69, 1, '2014-05-26 00:00:00', 0, 0, 0),
('1258', '496', 37, 1, '2014-05-26 00:00:00', 0, 0, 0),
('1259', '250', 37, 1, '2014-05-26 00:00:00', 0, 0, 0),
('1260', '321', 76, 1, '2014-05-26 00:00:00', 0, 0, 0),
('1261', '321', 77, 1, '2014-05-26 00:00:00', 0, 0, 0),
('1262', '321', 78, 1, '2014-05-26 00:00:00', 0, 0, 0),
('1263', '746', 76, 1, '2014-05-26 00:00:00', 0, 0, 0),
('1264', '746', 78, 1, '2014-05-26 00:00:00', 0, 0, 0),
('1265', '746', 77, 1, '2014-05-26 00:00:00', 0, 0, 0),
('1266', '630', 37, 1, '2014-05-26 00:00:00', 0, 0, 0),
('1267', '745', 76, 1, '2014-05-26 00:00:00', 0, 0, 0),
('1268', '745', 77, 1, '2014-05-26 00:00:00', 0, 0, 0),
('1269', '745', 78, 1, '2014-05-26 00:00:00', 0, 0, 0),
('1270', '745', 68, 1, '2014-05-26 00:00:00', 0, 0, 0),
('1271', '188', 69, 1, '2014-05-26 00:00:00', 0, 0, 0),
('1272', '362', 76, 1, '2014-05-26 00:00:00', 0, 0, 0),
('1273', '362', 77, 1, '2014-05-26 00:00:00', 0, 0, 0),
('1274', '362', 78, 1, '2014-05-26 00:00:00', 0, 0, 0),
('1275', '747', 76, 1, '2014-05-26 00:00:00', 0, 0, 0),
('1276', '747', 77, 1, '2014-05-26 00:00:00', 0, 0, 0),
('1277', '747', 78, 1, '2014-05-26 00:00:00', 0, 0, 0),
('1278', '748', 76, 1, '2014-05-26 00:00:00', 0, 0, 0),
('1279', '748', 77, 1, '2014-05-26 00:00:00', 0, 0, 0),
('1280', '748', 78, 1, '2014-05-26 00:00:00', 0, 0, 0),
('1281', '577', 63, 1, '2014-05-26 00:00:00', 0, 0, 0),
('1282', '749', 32, 1, '2014-05-26 00:00:00', 0, 0, 0),
('1283', '749', 76, 1, '2014-05-26 00:00:00', 0, 0, 0),
('1284', '749', 77, 1, '2014-05-26 00:00:00', 0, 0, 0),
('1285', '749', 78, 1, '2014-05-26 00:00:00', 0, 0, 0),
('1286', '295', 76, 1, '2014-05-26 00:00:00', 0, 0, 0),
('1287', '295', 77, 1, '2014-05-26 00:00:00', 0, 0, 0),
('1288', '295', 78, 1, '2014-05-26 00:00:00', 0, 0, 0),
('1289', '750', 76, 1, '2014-05-26 00:00:00', 0, 0, 0),
('1290', '750', 77, 1, '2014-05-26 00:00:00', 0, 0, 0),
('1291', '750', 78, 1, '2014-05-26 00:00:00', 0, 0, 0),
('1292', '750', 68, 1, '2014-05-26 00:00:00', 0, 0, 0),
('1293', '446', 47, 1, '2014-05-26 00:00:00', 0, 0, 0),
('1294', '506', 76, 1, '2014-05-26 00:00:00', 0, 0, 0),
('1295', '506', 77, 1, '2014-05-26 00:00:00', 0, 0, 0),
('1296', '506', 78, 1, '2014-05-26 00:00:00', 0, 0, 0),
('1297', '458', 57, 1, '2014-05-26 00:00:00', 0, 0, 0),
('1298', '458', 77, 1, '2014-05-26 00:00:00', 0, 0, 0),
('1299', '458', 78, 1, '2014-05-26 00:00:00', 0, 0, 0),
('1300', '678', 76, 1, '2014-05-26 00:00:00', 0, 0, 0),
('1301', '678', 77, 1, '2014-05-26 00:00:00', 0, 0, 0),
('1302', '678', 78, 1, '2014-05-26 00:00:00', 0, 0, 0),
('1303', '298', 76, 1, '2014-05-26 00:00:00', 0, 0, 0),
('1304', '298', 77, 1, '2014-05-26 00:00:00', 0, 0, 0),
('1305', '298', 78, 1, '2014-05-26 00:00:00', 0, 0, 0),
('1306', '751', 69, 1, '2014-05-26 00:00:00', 0, 0, 0),
('1307', '751', 76, 1, '2014-05-26 00:00:00', 0, 0, 0),
('1308', '751', 77, 1, '2014-05-26 00:00:00', 0, 0, 0),
('1309', '751', 78, 1, '2014-05-26 00:00:00', 0, 0, 0),
('1310', '285', 76, 1, '2014-05-26 00:00:00', 0, 0, 0),
('1311', '285', 77, 1, '2014-05-26 00:00:00', 0, 0, 0),
('1312', '285', 78, 1, '2014-05-26 00:00:00', 0, 0, 0),
('1313', '188', 76, 1, '2014-05-26 00:00:00', 0, 0, 0),
('1314', '188', 77, 1, '2014-05-26 00:00:00', 0, 0, 0),
('1315', '188', 78, 1, '2014-05-26 00:00:00', 0, 0, 0),
('1316', '752', 76, 1, '2014-05-26 00:00:00', 0, 0, 0),
('1317', '752', 77, 1, '2014-05-26 00:00:00', 0, 0, 0),
('1318', '752', 78, 1, '2014-05-26 00:00:00', 0, 0, 0),
('1319', '224', 76, 1, '2014-05-26 00:00:00', 0, 0, 0),
('1320', '224', 77, 1, '2014-05-26 00:00:00', 0, 0, 0),
('1321', '224', 78, 1, '2014-05-26 00:00:00', 0, 0, 0),
('1322', '753', 37, 1, '2014-05-26 00:00:00', 0, 0, 0),
('1323', '160', 78, 1, '2014-05-26 00:00:00', 0, 0, 0),
('1324', '160', 77, 1, '2014-05-26 00:00:00', 0, 0, 0),
('1325', '160', 76, 1, '2014-05-26 00:00:00', 0, 0, 0),
('1326', '336', 76, 1, '2014-05-26 00:00:00', 0, 0, 0),
('1327', '336', 77, 1, '2014-05-26 00:00:00', 0, 0, 0),
('1328', '336', 78, 1, '2014-05-26 00:00:00', 0, 0, 0),
('1329', '475', 47, 1, '2014-05-26 00:00:00', 0, 0, 0),
('1330', '526', 37, 1, '2014-05-26 00:00:00', 0, 0, 0),
('1331', '589', 76, 1, '2014-05-26 00:00:00', 0, 0, 0),
('1332', '589', 77, 1, '2014-05-26 00:00:00', 0, 0, 0),
('1333', '589', 78, 1, '2014-05-26 00:00:00', 0, 0, 0),
('1334', '589', 68, 1, '2014-05-26 00:00:00', 0, 0, 0),
('1339', '754', 76, 1, '2014-05-29 00:00:00', 0, 0, 0),
('1340', '754', 77, 1, '2014-05-29 00:00:00', 0, 0, 0),
('1341', '754', 78, 1, '2014-05-29 00:00:00', 0, 0, 0),
('1342', '500', 51, 1, '2014-05-29 00:00:00', 0, 0, 0),
('1343', '755', 37, 1, '2014-05-29 00:00:00', 0, 0, 0),
('1344', '323', 76, 1, '2014-05-29 00:00:00', 0, 0, 0),
('1345', '323', 77, 1, '2014-05-29 00:00:00', 0, 0, 0),
('1346', '323', 78, 1, '2014-05-29 00:00:00', 0, 0, 0),
('1347', '46', 18, 1, '2014-05-29 00:00:00', 0, 0, 0),
('1348', '756', 37, 1, '2014-05-29 00:00:00', 0, 0, 0),
('1349', '143', 76, 1, '2014-05-29 00:00:00', 0, 0, 0),
('1350', '143', 77, 1, '2014-05-29 00:00:00', 0, 0, 0),
('1351', '143', 78, 1, '2014-05-29 00:00:00', 0, 0, 0),
('1352', '757', 76, 1, '2014-05-29 00:00:00', 0, 0, 0),
('1353', '757', 77, 1, '2014-05-29 00:00:00', 0, 0, 0),
('1354', '757', 78, 1, '2014-05-29 00:00:00', 0, 0, 0),
('1355', '758', 76, 1, '2014-05-29 00:00:00', 0, 0, 0),
('1356', '758', 77, 1, '2014-05-29 00:00:00', 0, 0, 0),
('1357', '758', 78, 1, '2014-05-29 00:00:00', 0, 0, 0),
('1358', '259', 75, 1, '2014-05-29 00:00:00', 0, 0, 0),
('1359', '759', 76, 1, '2014-05-29 00:00:00', 0, 0, 0),
('1360', '759', 77, 1, '2014-05-29 00:00:00', 0, 0, 0),
('1361', '759', 78, 1, '2014-05-29 00:00:00', 0, 0, 0),
('1362', '326', 68, 1, '2014-05-29 00:00:00', 0, 0, 0),
('1363', '326', 77, 1, '2014-05-29 00:00:00', 0, 0, 0),
('1364', '326', 78, 1, '2014-05-29 00:00:00', 0, 0, 0),
('1365', '364', 37, 1, '2014-05-29 00:00:00', 0, 0, 0),
('1366', '578', 69, 1, '2014-05-29 00:00:00', 0, 0, 0),
('1367', '176', 76, 1, '2014-05-29 00:00:00', 0, 0, 0),
('1368', '176', 77, 1, '2014-05-29 00:00:00', 0, 0, 0),
('1369', '176', 78, 1, '2014-05-29 00:00:00', 0, 0, 0),
('1370', '251', 51, 1, '2014-05-29 00:00:00', 0, 0, 0),
('1371', '760', 69, 1, '2014-05-29 00:00:00', 0, 0, 0),
('1372', '761', 76, 1, '2014-05-29 00:00:00', 0, 0, 0),
('1373', '761', 77, 1, '2014-05-29 00:00:00', 0, 0, 0),
('1374', '761', 78, 1, '2014-05-29 00:00:00', 0, 0, 0),
('1375', '536', 18, 1, '2014-05-29 00:00:00', 0, 0, 0),
('1376', '536', 77, 1, '2014-05-29 00:00:00', 0, 0, 0),
('1377', '536', 78, 1, '2014-05-29 00:00:00', 0, 0, 0),
('1378', '98', 72, 1, '2014-05-29 00:00:00', 0, 0, 0),
('1379', '209', 75, 1, '2014-05-29 00:00:00', 0, 0, 0),
('1380', '500', 80, 1, '2014-05-29 00:00:00', 0, 0, 0),
('1381', '500', 83, 1, '2014-05-29 00:00:00', 0, 0, 0),
('1382', '500', 84, 1, '2014-05-29 00:00:00', 0, 0, 0),
('1383', '763', 76, 1, '2014-05-29 00:00:00', 0, 0, 0),
('1384', '763', 77, 1, '2014-05-29 00:00:00', 0, 0, 0),
('1385', '763', 78, 1, '2014-05-29 00:00:00', 0, 0, 0),
('1386', '763', 68, 1, '2014-05-29 00:00:00', 0, 0, 0),
('1387', '764', 75, 1, '2014-05-29 00:00:00', 0, 0, 0),
('1388', '413', 69, 1, '2014-05-29 00:00:00', 0, 0, 0),
('1389', '765', 75, 1, '2014-05-29 00:00:00', 0, 0, 0),
('1390', '766', 77, 1, '2014-05-29 00:00:00', 0, 0, 0),
('1391', '766', 78, 1, '2014-05-29 00:00:00', 0, 0, 0),
('1392', '766', 32, 1, '2014-05-29 00:00:00', 0, 0, 0),
('1393', '767', 76, 1, '2014-05-29 00:00:00', 0, 0, 0),
('1394', '767', 77, 1, '2014-05-29 00:00:00', 0, 0, 0),
('1395', '767', 78, 1, '2014-05-29 00:00:00', 0, 0, 0),
('1396', '558', 80, 1, '2014-05-29 00:00:00', 0, 0, 0),
('1397', '558', 83, 1, '2014-05-29 00:00:00', 0, 0, 0),
('1398', '558', 84, 1, '2014-05-29 00:00:00', 0, 0, 0),
('1399', '528', 76, 1, '2014-05-29 00:00:00', 0, 0, 0),
('1400', '528', 77, 1, '2014-05-29 00:00:00', 0, 0, 0),
('1401', '528', 78, 1, '2014-05-29 00:00:00', 0, 0, 0),
('1402', '768', 63, 1, '2014-05-29 00:00:00', 0, 0, 0),
('1403', '148', 69, 1, '2014-05-29 00:00:00', 0, 0, 0),
('1404', '470', 69, 1, '2014-05-29 00:00:00', 0, 0, 0),
('1405', '333', 76, 1, '2014-05-29 00:00:00', 0, 0, 0),
('1406', '333', 77, 1, '2014-05-29 00:00:00', 0, 0, 0),
('1407', '333', 78, 1, '2014-05-29 00:00:00', 0, 0, 0),
('1408', '770', 76, 1, '2014-05-29 00:00:00', 0, 0, 0),
('1409', '770', 77, 1, '2014-05-29 00:00:00', 0, 0, 0),
('1410', '770', 78, 1, '2014-05-29 00:00:00', 0, 0, 0),
('1411', '187', 37, 1, '2014-05-29 00:00:00', 0, 0, 0),
('1412', '771', 76, 1, '2014-05-29 00:00:00', 0, 0, 0),
('1413', '771', 78, 1, '2014-05-29 00:00:00', 0, 0, 0),
('1414', '771', 77, 1, '2014-05-29 00:00:00', 0, 0, 0),
('1415', '772', 76, 1, '2014-05-29 00:00:00', 0, 0, 0),
('1416', '772', 77, 1, '2014-05-29 00:00:00', 0, 0, 0),
('1417', '772', 78, 1, '2014-05-29 00:00:00', 0, 0, 0),
('1418', '719', 76, 1, '2014-05-29 00:00:00', 0, 0, 0),
('1419', '719', 77, 1, '2014-05-29 00:00:00', 0, 0, 0),
('1420', '719', 78, 1, '2014-05-29 00:00:00', 0, 0, 0),
('1421', '124', 18, 1, '2014-05-29 00:00:00', 0, 0, 0),
('1422', '124', 77, 1, '2014-05-29 00:00:00', 0, 0, 0),
('1423', '124', 78, 1, '2014-05-29 00:00:00', 0, 0, 0),
('1424', '410', 18, 1, '2014-05-29 00:00:00', 0, 0, 0),
('1425', '677', 18, 1, '2014-05-29 00:00:00', 0, 0, 0),
('1426', '39', 18, 1, '2014-05-29 00:00:00', 0, 0, 0),
('1427', '658', 18, 1, '2014-05-29 00:00:00', 0, 0, 0),
('1428', '773', 77, 1, '2014-05-29 00:00:00', 0, 0, 0),
('1429', '773', 78, 1, '2014-05-29 00:00:00', 0, 0, 0),
('1430', '773', 112, 1, '2014-05-29 00:00:00', 0, 0, 0),
('1431', '743', 112, 1, '2014-05-29 00:00:00', 0, 0, 0),
('1432', '417', 69, 1, '2014-05-29 00:00:00', 0, 0, 0),
('1433', '200016', 69, 1, '2014-05-29 00:00:00', 0, 0, 0),
('1434', '200016', 77, 1, '2014-05-29 00:00:00', 0, 0, 0),
('1435', '200016', 78, 1, '2014-05-29 00:00:00', 0, 0, 0),
('1436', '200016', 76, 1, '2014-05-29 00:00:00', 0, 0, 0),
('1437', '68', 69, 1, '2014-05-29 00:00:00', 0, 0, 0),
('1438', '69', 69, 1, '2014-05-29 00:00:00', 0, 0, 0),
('1439', '159', 76, 1, '2014-05-29 00:00:00', 0, 0, 0),
('1440', '159', 77, 1, '2014-05-29 00:00:00', 0, 0, 0),
('1441', '159', 78, 1, '2014-05-29 00:00:00', 0, 0, 0),
('1442', '580', 18, 1, '2014-05-29 00:00:00', 0, 0, 0),
('1443', '668', 32, 1, '2014-05-30 00:00:00', 0, 0, 0),
('1444', '774', 76, 1, '2014-05-30 00:00:00', 0, 0, 0),
('1445', '774', 77, 1, '2014-05-30 00:00:00', 0, 0, 0),
('1446', '774', 78, 1, '2014-05-30 00:00:00', 0, 0, 0),
('1447', '180', 18, 1, '2014-05-30 00:00:00', 0, 0, 0),
('1448', '416', 77, 1, '2014-05-30 00:00:00', 0, 0, 0),
('1449', '416', 78, 1, '2014-05-30 00:00:00', 0, 0, 0),
('1450', '416', 18, 1, '2014-05-30 00:00:00', 0, 0, 0),
('1451', '202', 75, 1, '2014-05-30 00:00:00', 0, 0, 0),
('1452', '775', 76, 1, '2014-05-30 00:00:00', 0, 0, 0),
('1453', '775', 77, 1, '2014-05-30 00:00:00', 0, 0, 0),
('1454', '775', 78, 1, '2014-05-30 00:00:00', 0, 0, 0),
('1455', '476', 76, 1, '2014-05-30 00:00:00', 0, 0, 0),
('1456', '476', 77, 1, '2014-05-30 00:00:00', 0, 0, 0),
('1457', '476', 78, 1, '2014-05-30 00:00:00', 0, 0, 0),
('1458', '776', 76, 1, '2014-05-30 00:00:00', 0, 0, 0),
('1459', '776', 77, 1, '2014-05-30 00:00:00', 0, 0, 0),
('1460', '776', 78, 1, '2014-05-30 00:00:00', 0, 0, 0),
('1461', '678', 69, 1, '2014-05-30 00:00:00', 0, 0, 0),
('1462', '451', 65, 1, '2014-05-30 00:00:00', 0, 0, 0),
('1463', '96', 76, 1, '2014-05-30 00:00:00', 0, 0, 0),
('1464', '96', 77, 1, '2014-05-30 00:00:00', 0, 0, 0),
('1465', '96', 78, 1, '2014-05-30 00:00:00', 0, 0, 0),
('1466', '777', 68, 1, '2014-05-30 00:00:00', 0, 0, 0),
('1467', '677', 76, 1, '2014-05-30 00:00:00', 0, 0, 0),
('1468', '677', 77, 1, '2014-05-30 00:00:00', 0, 0, 0),
('1469', '677', 78, 1, '2014-05-30 00:00:00', 0, 0, 0),
('1470', '778', 76, 1, '2014-05-30 00:00:00', 0, 0, 0),
('1471', '778', 77, 1, '2014-05-30 00:00:00', 0, 0, 0),
('1472', '778', 78, 1, '2014-05-30 00:00:00', 0, 0, 0),
('1473', '779', 76, 1, '2014-05-30 00:00:00', 0, 0, 0),
('1474', '779', 77, 1, '2014-05-30 00:00:00', 0, 0, 0),
('1475', '779', 78, 1, '2014-05-30 00:00:00', 0, 0, 0),
('1476', '208', 76, 1, '2014-05-30 00:00:00', 0, 0, 0),
('1477', '208', 77, 1, '2014-05-30 00:00:00', 0, 0, 0),
('1478', '208', 78, 1, '2014-05-30 00:00:00', 0, 0, 0),
('1479', '277', 76, 1, '2014-05-30 00:00:00', 0, 0, 0),
('1480', '277', 77, 1, '2014-05-30 00:00:00', 0, 0, 0),
('1481', '277', 78, 1, '2014-05-30 00:00:00', 0, 0, 0),
('1482', '780', 76, 1, '2014-05-30 00:00:00', 0, 0, 0),
('1483', '780', 77, 1, '2014-05-30 00:00:00', 0, 0, 0),
('1484', '780', 78, 1, '2014-05-30 00:00:00', 0, 0, 0),
('1485', '781', 63, 1, '2014-05-30 00:00:00', 0, 0, 0),
('1486', '220', 69, 1, '2014-05-30 00:00:00', 0, 0, 0),
('1487', '200013', 76, 1, '2014-05-30 00:00:00', 0, 0, 0),
('1488', '200013', 77, 1, '2014-05-30 00:00:00', 0, 0, 0),
('1489', '200013', 78, 1, '2014-05-30 00:00:00', 0, 0, 0),
('1490', '177', 76, 1, '2014-05-30 00:00:00', 0, 0, 0),
('1491', '177', 77, 1, '2014-05-30 00:00:00', 0, 0, 0),
('1492', '177', 78, 1, '2014-05-30 00:00:00', 0, 0, 0),
('1493', '477', 80, 1, '2014-05-30 00:00:00', 0, 0, 0),
('1494', '477', 83, 1, '2014-05-30 00:00:00', 0, 0, 0),
('1495', '477', 84, 1, '2014-05-30 00:00:00', 0, 0, 0),
('1496', '353', 77, 1, '2014-05-30 00:00:00', 0, 0, 0),
('1497', '353', 78, 1, '2014-05-30 00:00:00', 0, 0, 0),
('1498', '353', 68, 1, '2014-05-30 00:00:00', 0, 0, 0),
('1499', '727', 76, 1, '2014-05-30 00:00:00', 0, 0, 0),
('1500', '727', 77, 1, '2014-05-30 00:00:00', 0, 0, 0),
('1501', '727', 78, 1, '2014-05-30 00:00:00', 0, 0, 0),
('1502', '531', 75, 1, '2014-05-30 00:00:00', 0, 0, 0),
('1503', '782', 63, 1, '2014-05-30 00:00:00', 0, 0, 0),
('1504', '783', 77, 1, '2014-05-30 00:00:00', 0, 0, 0),
('1505', '783', 78, 1, '2014-05-30 00:00:00', 0, 0, 0),
('1506', '783', 37, 1, '2014-05-30 00:00:00', 0, 0, 0),
('1507', '784', 76, 1, '2014-05-30 00:00:00', 0, 0, 0),
('1508', '784', 77, 1, '2014-05-30 00:00:00', 0, 0, 0),
('1509', '784', 78, 1, '2014-05-30 00:00:00', 0, 0, 0),
('1510', '726', 63, 1, '2014-05-30 00:00:00', 0, 0, 0),
('1511', '646', 75, 1, '2014-05-30 00:00:00', 0, 0, 0),
('1512', '324', 76, 1, '2014-05-30 00:00:00', 0, 0, 0),
('1513', '324', 78, 1, '2014-05-30 00:00:00', 0, 0, 0),
('1514', '324', 77, 1, '2014-05-30 00:00:00', 0, 0, 0),
('1515', '785', 76, 1, '2014-05-30 00:00:00', 0, 0, 0),
('1516', '785', 77, 1, '2014-05-30 00:00:00', 0, 0, 0),
('1517', '785', 78, 1, '2014-05-30 00:00:00', 0, 0, 0),
('1518', '786', 76, 1, '2014-05-30 00:00:00', 0, 0, 0),
('1519', '786', 77, 1, '2014-05-30 00:00:00', 0, 0, 0),
('1520', '786', 78, 1, '2014-05-30 00:00:00', 0, 0, 0),
('1521', '786', 69, 1, '2014-05-30 00:00:00', 0, 0, 0),
('1522', '787', 77, 1, '2014-05-31 00:00:00', 0, 0, 0),
('1523', '787', 78, 1, '2014-05-31 00:00:00', 0, 0, 0),
('1524', '787', 68, 1, '2014-05-31 00:00:00', 0, 0, 0),
('1525', '788', 68, 1, '2014-05-31 00:00:00', 0, 0, 0),
('1526', '788', 77, 1, '2014-05-31 00:00:00', 0, 0, 0),
('1527', '788', 78, 1, '2014-05-31 00:00:00', 0, 0, 0),
('1528', '788', 18, 1, '2014-05-31 00:00:00', 0, 0, 0),
('1529', '789', 76, 1, '2014-05-31 00:00:00', 0, 0, 0),
('1530', '789', 77, 1, '2014-05-31 00:00:00', 0, 0, 0),
('1531', '789', 78, 1, '2014-05-31 00:00:00', 0, 0, 0),
('1532', '790', 48, 1, '2014-05-31 00:00:00', 0, 0, 0),
('1533', '791', 68, 1, '2014-05-31 00:00:00', 0, 0, 0),
('1534', '791', 77, 1, '2014-05-31 00:00:00', 0, 0, 0),
('1535', '791', 78, 1, '2014-05-31 00:00:00', 0, 0, 0),
('1536', '792', 76, 1, '2014-05-31 00:00:00', 0, 0, 0),
('1537', '792', 77, 1, '2014-05-31 00:00:00', 0, 0, 0),
('1538', '792', 78, 1, '2014-05-31 00:00:00', 0, 0, 0),
('1539', '793', 76, 1, '2014-05-31 00:00:00', 0, 0, 0),
('1540', '793', 77, 1, '2014-05-31 00:00:00', 0, 0, 0),
('1541', '793', 78, 1, '2014-05-31 00:00:00', 0, 0, 0),
('1542', '794', 76, 1, '2014-06-05 00:00:00', 0, 0, 0),
('1543', '794', 77, 1, '2014-06-05 00:00:00', 0, 0, 0),
('1544', '794', 78, 1, '2014-06-05 00:00:00', 0, 0, 0),
('1545', '200025', 37, 1, '2014-06-05 00:00:00', 0, 0, 0),
('1546', '530', 76, 1, '2014-06-05 00:00:00', 0, 0, 0),
('1547', '530', 77, 1, '2014-06-05 00:00:00', 0, 0, 0),
('1548', '530', 78, 1, '2014-06-05 00:00:00', 0, 0, 0),
('1549', '123', 76, 1, '2014-06-05 00:00:00', 0, 0, 0),
('1550', '123', 77, 1, '2014-06-05 00:00:00', 0, 0, 0),
('1551', '123', 78, 1, '2014-06-05 00:00:00', 0, 0, 0),
('1552', '123', 75, 1, '2014-06-05 00:00:00', 0, 0, 0),
('1553', '795', 75, 1, '2014-06-05 00:00:00', 0, 0, 0),
('1554', '595', 68, 1, '2014-06-05 00:00:00', 0, 0, 0),
('1555', '426', 76, 1, '2014-06-05 00:00:00', 0, 0, 0),
('1556', '426', 77, 1, '2014-06-05 00:00:00', 0, 0, 0),
('1557', '426', 78, 1, '2014-06-05 00:00:00', 0, 0, 0),
('1558', '264', 18, 1, '2014-06-05 00:00:00', 0, 0, 0),
('1559', '797', 75, 1, '2014-06-05 00:00:00', 0, 0, 0),
('1560', '721', 63, 1, '2014-06-05 00:00:00', 0, 0, 0),
('1561', '798', 76, 1, '2014-06-05 00:00:00', 0, 0, 0),
('1562', '798', 77, 1, '2014-06-05 00:00:00', 0, 0, 0),
('1563', '798', 78, 1, '2014-06-05 00:00:00', 0, 0, 0),
('1564', '38', 76, 1, '2014-06-05 00:00:00', 0, 0, 0),
('1565', '38', 77, 1, '2014-06-05 00:00:00', 0, 0, 0),
('1566', '38', 78, 1, '2014-06-05 00:00:00', 0, 0, 0),
('1567', '401', 18, 1, '2014-06-05 00:00:00', 0, 0, 0),
('1568', '799', 76, 1, '2014-06-05 00:00:00', 0, 0, 0),
('1569', '799', 77, 1, '2014-06-05 00:00:00', 0, 0, 0),
('1570', '799', 78, 1, '2014-06-05 00:00:00', 0, 0, 0),
('1571', '800', 69, 1, '2014-06-05 00:00:00', 0, 0, 0),
('1572', '218', 76, 1, '2014-06-05 00:00:00', 0, 0, 0),
('1573', '218', 77, 1, '2014-06-05 00:00:00', 0, 0, 0),
('1574', '218', 78, 1, '2014-06-05 00:00:00', 0, 0, 0),
('1575', '761', 76, 1, '2014-06-05 00:00:00', 0, 0, 0),
('1576', '761', 77, 1, '2014-06-05 00:00:00', 0, 0, 0),
('1577', '761', 78, 1, '2014-06-05 00:00:00', 0, 0, 0),
('1578', '400', 77, 1, '2014-06-14 00:00:00', 0, 0, 0),
('1579', '400', 78, 1, '2014-06-14 00:00:00', 0, 0, 0),
('1580', '400', 75, 1, '2014-06-14 00:00:00', 0, 0, 0),
('1581', '801', 37, 1, '2014-06-14 00:00:00', 0, 0, 0),
('1582', '802', 69, 1, '2014-06-14 00:00:00', 0, 0, 0),
('1583', '740', 51, 1, '2014-06-14 00:00:00', 0, 0, 0),
('1584', '803', 76, 1, '2014-06-14 00:00:00', 0, 0, 0),
('1585', '803', 77, 1, '2014-06-14 00:00:00', 0, 0, 0),
('1586', '803', 78, 1, '2014-06-14 00:00:00', 0, 0, 0),
('1587', '804', 37, 1, '2014-06-14 00:00:00', 0, 0, 0),
('1588', '804', 32, 1, '2014-06-14 00:00:00', 0, 0, 0),
('1589', '804', 77, 1, '2014-06-14 00:00:00', 0, 0, 0),
('1590', '804', 78, 1, '2014-06-14 00:00:00', 0, 0, 0),
('1591', '805', 75, 1, '2014-06-14 00:00:00', 0, 0, 0),
('1592', '806', 80, 1, '2014-06-14 00:00:00', 0, 0, 0),
('1593', '806', 83, 1, '2014-06-14 00:00:00', 0, 0, 0),
('1594', '806', 84, 1, '2014-06-14 00:00:00', 0, 0, 0),
('1595', '807', 77, 1, '2014-06-14 00:00:00', 0, 0, 0),
('1596', '807', 78, 1, '2014-06-14 00:00:00', 0, 0, 0),
('1597', '807', 76, 1, '2014-06-14 00:00:00', 0, 0, 0),
('1598', '808', 18, 1, '2014-06-14 00:00:00', 0, 0, 0),
('1599', '564', 68, 1, '2014-06-14 00:00:00', 0, 0, 0),
('1600', '564', 76, 1, '2014-06-14 00:00:00', 0, 0, 0),
('1601', '564', 77, 1, '2014-06-14 00:00:00', 0, 0, 0),
('1602', '564', 78, 1, '2014-06-14 00:00:00', 0, 0, 0),
('1603', '129', 76, 1, '2014-06-14 00:00:00', 0, 0, 0),
('1604', '129', 77, 1, '2014-06-14 00:00:00', 0, 0, 0),
('1605', '129', 78, 1, '2014-06-14 00:00:00', 0, 0, 0),
('1606', '31', 76, 1, '2014-06-14 00:00:00', 0, 0, 0),
('1607', '31', 77, 1, '2014-06-14 00:00:00', 0, 0, 0),
('1608', '31', 78, 1, '2014-06-14 00:00:00', 0, 0, 0),
('1609', '300', 69, 1, '2014-06-14 00:00:00', 0, 0, 0),
('1610', '809', 37, 1, '2014-06-14 00:00:00', 0, 0, 0),
('1611', '570', 76, 1, '2014-06-14 00:00:00', 0, 0, 0),
('1612', '570', 77, 1, '2014-06-14 00:00:00', 0, 0, 0),
('1613', '570', 78, 1, '2014-06-14 00:00:00', 0, 0, 0),
('1614', '810', 69, 1, '2014-06-14 00:00:00', 0, 0, 0),
('1615', '664', 76, 1, '2014-06-14 00:00:00', 0, 0, 0),
('1616', '664', 77, 1, '2014-06-14 00:00:00', 0, 0, 0),
('1617', '664', 78, 1, '2014-06-14 00:00:00', 0, 0, 0),
('1618', '664', 47, 1, '2014-06-14 00:00:00', 0, 0, 0),
('1619', '811', 76, 1, '2014-06-14 00:00:00', 0, 0, 0),
('1620', '811', 77, 1, '2014-06-14 00:00:00', 0, 0, 0),
('1621', '811', 78, 1, '2014-06-14 00:00:00', 0, 0, 0),
('1622', '812', 76, 1, '2014-06-14 00:00:00', 0, 0, 0),
('1623', '812', 77, 1, '2014-06-14 00:00:00', 0, 0, 0),
('1624', '812', 78, 1, '2014-06-14 00:00:00', 0, 0, 0),
('1625', '353', 18, 1, '2014-06-14 00:00:00', 0, 0, 0),
('1626', '367', 76, 1, '2014-06-14 00:00:00', 0, 0, 0),
('1627', '367', 77, 1, '2014-06-14 00:00:00', 0, 0, 0),
('1628', '367', 78, 1, '2014-06-14 00:00:00', 0, 0, 0),
('1629', '813', 76, 1, '2014-06-14 00:00:00', 0, 0, 0),
('1630', '813', 77, 1, '2014-06-14 00:00:00', 0, 0, 0),
('1631', '813', 78, 1, '2014-06-14 00:00:00', 0, 0, 0),
('1632', '814', 76, 1, '2014-06-14 00:00:00', 0, 0, 0),
('1633', '814', 77, 1, '2014-06-14 00:00:00', 0, 0, 0),
('1634', '814', 78, 1, '2014-06-14 00:00:00', 0, 0, 0),
('1635', '815', 37, 1, '2014-06-14 00:00:00', 0, 0, 0),
('1636', '660', 76, 1, '2014-06-14 00:00:00', 0, 0, 0),
('1637', '660', 77, 1, '2014-06-14 00:00:00', 0, 0, 0),
('1638', '660', 78, 1, '2014-06-14 00:00:00', 0, 0, 0),
('1639', '816', 76, 1, '2014-06-14 00:00:00', 0, 0, 0),
('1640', '816', 77, 1, '2014-06-14 00:00:00', 0, 0, 0),
('1641', '816', 78, 1, '2014-06-14 00:00:00', 0, 0, 0),
('1642', '635', 76, 1, '2014-06-14 00:00:00', 0, 0, 0),
('1643', '635', 77, 1, '2014-06-14 00:00:00', 0, 0, 0),
('1644', '635', 78, 1, '2014-06-14 00:00:00', 0, 0, 0),
('1645', '817', 76, 1, '2014-06-14 00:00:00', 0, 0, 0),
('1646', '817', 77, 1, '2014-06-14 00:00:00', 0, 0, 0),
('1647', '817', 78, 1, '2014-06-14 00:00:00', 0, 0, 0),
('1648', '818', 76, 1, '2014-06-14 00:00:00', 0, 0, 0),
('1649', '818', 77, 1, '2014-06-14 00:00:00', 0, 0, 0),
('1650', '818', 78, 1, '2014-06-14 00:00:00', 0, 0, 0),
('1651', '819', 76, 1, '2014-06-14 00:00:00', 0, 0, 0),
('1652', '819', 77, 1, '2014-06-14 00:00:00', 0, 0, 0),
('1653', '819', 78, 1, '2014-06-14 00:00:00', 0, 0, 0),
('1654', '820', 69, 1, '2014-06-14 00:00:00', 0, 0, 0),
('1655', '339', 76, 1, '2014-06-14 00:00:00', 0, 0, 0),
('1656', '339', 77, 1, '2014-06-14 00:00:00', 0, 0, 0),
('1657', '339', 78, 1, '2014-06-14 00:00:00', 0, 0, 0),
('1658', '545', 76, 1, '2014-06-14 00:00:00', 0, 0, 0),
('1659', '545', 77, 1, '2014-06-14 00:00:00', 0, 0, 0),
('1660', '545', 78, 1, '2014-06-14 00:00:00', 0, 0, 0),
('1661', '821', 76, 1, '2014-06-14 00:00:00', 0, 0, 0),
('1662', '821', 77, 1, '2014-06-14 00:00:00', 0, 0, 0),
('1663', '821', 78, 1, '2014-06-14 00:00:00', 0, 0, 0),
('1664', '822', 63, 1, '2014-06-14 00:00:00', 0, 0, 0),
('1665', '823', 37, 1, '2014-06-14 00:00:00', 0, 0, 0),
('1666', '426', 69, 1, '2014-06-14 00:00:00', 0, 0, 0),
('1667', '496', 32, 1, '2014-06-14 00:00:00', 0, 0, 0),
('1668', '825', 76, 1, '2014-06-14 00:00:00', 0, 0, 0),
('1669', '825', 77, 1, '2014-06-14 00:00:00', 0, 0, 0),
('1670', '825', 78, 1, '2014-06-14 00:00:00', 0, 0, 0),
('1671', '826', 75, 1, '2014-06-14 00:00:00', 0, 0, 0),
('1672', '179', 76, 1, '2014-06-14 00:00:00', 0, 0, 0),
('1673', '179', 77, 1, '2014-06-14 00:00:00', 0, 0, 0),
('1674', '179', 78, 1, '2014-06-14 00:00:00', 0, 0, 0),
('1675', '158', 76, 1, '2014-06-14 00:00:00', 0, 0, 0),
('1676', '158', 77, 1, '2014-06-14 00:00:00', 0, 0, 0),
('1677', '158', 78, 1, '2014-06-14 00:00:00', 0, 0, 0),
('1678', '827', 76, 1, '2014-06-14 00:00:00', 0, 0, 0),
('1679', '827', 77, 1, '2014-06-14 00:00:00', 0, 0, 0),
('1680', '827', 78, 1, '2014-06-14 00:00:00', 0, 0, 0),
('1681', '828', 76, 1, '2014-06-14 00:00:00', 0, 0, 0),
('1682', '828', 77, 1, '2014-06-14 00:00:00', 0, 0, 0),
('1683', '828', 78, 1, '2014-06-14 00:00:00', 0, 0, 0),
('1684', '205', 76, 1, '2014-06-14 00:00:00', 0, 0, 0),
('1685', '205', 77, 1, '2014-06-14 00:00:00', 0, 0, 0),
('1686', '205', 78, 1, '2014-06-14 00:00:00', 0, 0, 0),
('1687', '829', 18, 1, '2014-06-14 00:00:00', 0, 0, 0),
('1688', '198', 76, 1, '2014-06-14 00:00:00', 0, 0, 0),
('1689', '198', 77, 1, '2014-06-14 00:00:00', 0, 0, 0),
('1690', '198', 78, 1, '2014-06-14 00:00:00', 0, 0, 0),
('1691', '697', 18, 1, '2014-06-14 00:00:00', 0, 0, 0),
('1692', '102', 63, 1, '2014-06-14 00:00:00', 0, 0, 0),
('1693', '830', 76, 1, '2014-06-14 00:00:00', 0, 0, 0),
('1694', '830', 77, 1, '2014-06-14 00:00:00', 0, 0, 0),
('1695', '830', 78, 1, '2014-06-14 00:00:00', 0, 0, 0),
('1696', '831', 76, 1, '2014-06-14 00:00:00', 0, 0, 0),
('1697', '831', 77, 1, '2014-06-14 00:00:00', 0, 0, 0),
('1698', '831', 78, 1, '2014-06-14 00:00:00', 0, 0, 0),
('1699', '832', 76, 1, '2014-06-14 00:00:00', 0, 0, 0),
('1700', '832', 77, 1, '2014-06-14 00:00:00', 0, 0, 0),
('1701', '832', 78, 1, '2014-06-14 00:00:00', 0, 0, 0),
('1702', '832', 68, 1, '2014-06-14 00:00:00', 0, 0, 0),
('1703', '430', 76, 1, '2014-06-14 00:00:00', 0, 0, 0),
('1704', '430', 77, 1, '2014-06-14 00:00:00', 0, 0, 0),
('1705', '430', 78, 1, '2014-06-14 00:00:00', 0, 0, 0),
('1706', '168', 37, 1, '2014-06-14 00:00:00', 0, 0, 0),
('1707', '168', 77, 1, '2014-06-14 00:00:00', 0, 0, 0),
('1708', '168', 78, 1, '2014-06-14 00:00:00', 0, 0, 0),
('1709', '833', 76, 1, '2014-06-14 00:00:00', 0, 0, 0),
('1710', '833', 77, 1, '2014-06-14 00:00:00', 0, 0, 0),
('1711', '833', 78, 1, '2014-06-14 00:00:00', 0, 0, 0),
('1712', '833', 18, 1, '2014-06-14 00:00:00', 0, 0, 0),
('1713', '399', 76, 1, '2014-06-14 00:00:00', 0, 0, 0),
('1714', '399', 77, 1, '2014-06-14 00:00:00', 0, 0, 0),
('1715', '399', 78, 1, '2014-06-14 00:00:00', 0, 0, 0),
('1716', '834', 76, 1, '2014-06-14 00:00:00', 0, 0, 0),
('1717', '834', 77, 1, '2014-06-14 00:00:00', 0, 0, 0),
('1718', '834', 78, 1, '2014-06-14 00:00:00', 0, 0, 0),
('1719', '838', 107, 1, '2014-06-24 00:00:00', 0, 0, 0),
('1720', '554', 77, 1, '2014-06-24 00:00:00', 0, 0, 0),
('1721', '554', 78, 1, '2014-06-24 00:00:00', 0, 0, 0),
('1722', '554', 37, 1, '2014-06-24 00:00:00', 0, 0, 0),
('1723', '683', 63, 1, '2014-06-24 00:00:00', 0, 0, 0),
('1724', '839', 76, 1, '2014-06-24 00:00:00', 0, 0, 0),
('1725', '839', 77, 1, '2014-06-24 00:00:00', 0, 0, 0),
('1726', '839', 78, 1, '2014-06-24 00:00:00', 0, 0, 0),
('1727', '840', 76, 1, '2014-06-24 00:00:00', 0, 0, 0),
('1728', '840', 77, 1, '2014-06-24 00:00:00', 0, 0, 0),
('1729', '840', 78, 1, '2014-06-24 00:00:00', 0, 0, 0),
('1730', '433', 76, 1, '2014-06-24 00:00:00', 0, 0, 0),
('1731', '433', 77, 1, '2014-06-24 00:00:00', 0, 0, 0),
('1732', '433', 78, 1, '2014-06-24 00:00:00', 0, 0, 0),
('1733', '148', 75, 1, '2014-06-24 00:00:00', 0, 0, 0),
('1734', '456', 37, 1, '2014-06-24 00:00:00', 0, 0, 0),
('1735', '841', 51, 1, '2014-06-24 00:00:00', 0, 0, 0),
('1736', '842', 76, 1, '2014-06-24 00:00:00', 0, 0, 0),
('1737', '842', 77, 1, '2014-06-24 00:00:00', 0, 0, 0),
('1738', '842', 78, 1, '2014-06-24 00:00:00', 0, 0, 0),
('1739', '842', 68, 1, '2014-06-24 00:00:00', 0, 0, 0),
('1740', '844', 18, 1, '2014-06-24 00:00:00', 0, 0, 0),
('1741', '446', 18, 1, '2014-06-24 00:00:00', 0, 0, 0),
('1742', '462', 76, 1, '2014-06-26 00:00:00', 0, 0, 0),
('1743', '462', 77, 1, '2014-06-26 00:00:00', 0, 0, 0),
('1744', '462', 78, 1, '2014-06-26 00:00:00', 0, 0, 0),
('1745', '413', 69, 1, '2014-06-26 00:00:00', 0, 0, 0),
('1746', '677', 76, 1, '2014-06-26 00:00:00', 0, 0, 0),
('1747', '677', 77, 1, '2014-06-26 00:00:00', 0, 0, 0),
('1748', '677', 78, 1, '2014-06-26 00:00:00', 0, 0, 0),
('1749', '676', 76, 1, '2014-06-26 00:00:00', 0, 0, 0),
('1750', '676', 77, 1, '2014-06-26 00:00:00', 0, 0, 0),
('1751', '676', 78, 1, '2014-06-26 00:00:00', 0, 0, 0),
('1752', '661', 63, 1, '2014-06-26 00:00:00', 0, 0, 0),
('1753', '845', 68, 1, '2014-06-26 00:00:00', 0, 0, 0),
('1754', '846', 77, 1, '2014-06-26 00:00:00', 0, 0, 0),
('1755', '846', 78, 1, '2014-06-26 00:00:00', 0, 0, 0),
('1756', '846', 37, 1, '2014-06-26 00:00:00', 0, 0, 0),
('1757', '847', 76, 1, '2014-06-27 00:00:00', 0, 0, 0),
('1758', '847', 77, 1, '2014-06-27 00:00:00', 0, 0, 0),
('1759', '847', 78, 1, '2014-06-27 00:00:00', 0, 0, 0),
('1760', '41', 69, 1, '2014-06-27 00:00:00', 0, 0, 0),
('1761', '41', 77, 1, '2014-06-27 00:00:00', 0, 0, 0),
('1762', '41', 78, 1, '2014-06-27 00:00:00', 0, 0, 0),
('1763', '324', 76, 1, '2014-06-27 00:00:00', 0, 0, 0),
('1764', '324', 77, 1, '2014-06-27 00:00:00', 0, 0, 0),
('1765', '324', 78, 1, '2014-06-27 00:00:00', 0, 0, 0),
('1766', '630', 76, 1, '2014-06-27 00:00:00', 0, 0, 0),
('1767', '630', 77, 1, '2014-06-27 00:00:00', 0, 0, 0),
('1768', '630', 78, 1, '2014-06-27 00:00:00', 0, 0, 0),
('1769', '848', 76, 1, '2014-06-27 00:00:00', 0, 0, 0),
('1770', '848', 77, 1, '2014-06-27 00:00:00', 0, 0, 0),
('1771', '848', 78, 1, '2014-06-27 00:00:00', 0, 0, 0),
('1772', '788', 18, 1, '2014-06-27 00:00:00', 0, 0, 0),
('1773', '788', 77, 1, '2014-06-27 00:00:00', 0, 0, 0),
('1774', '788', 78, 1, '2014-06-27 00:00:00', 0, 0, 0),
('1775', '788', 68, 1, '2014-06-27 00:00:00', 0, 0, 0),
('1776', '849', 76, 1, '2014-06-27 00:00:00', 0, 0, 0),
('1777', '849', 77, 1, '2014-06-27 00:00:00', 0, 0, 0),
('1778', '849', 78, 1, '2014-06-27 00:00:00', 0, 0, 0),
('1779', '729', 76, 1, '2014-06-27 00:00:00', 0, 0, 0),
('1780', '729', 77, 1, '2014-06-27 00:00:00', 0, 0, 0),
('1781', '729', 78, 1, '2014-06-27 00:00:00', 0, 0, 0),
('1782', '851', 76, 1, '2014-06-27 00:00:00', 0, 0, 0),
('1783', '851', 77, 1, '2014-06-27 00:00:00', 0, 0, 0),
('1784', '851', 78, 1, '2014-06-27 00:00:00', 0, 0, 0),
('1785', '852', 37, 1, '2014-06-27 00:00:00', 0, 0, 0),
('1786', '853', 18, 1, '2014-06-27 00:00:00', 0, 0, 0),
('1787', '854', 76, 1, '2014-06-27 00:00:00', 0, 0, 0),
('1788', '854', 77, 1, '2014-06-27 00:00:00', 0, 0, 0),
('1789', '854', 78, 1, '2014-06-27 00:00:00', 0, 0, 0),
('1790', '495', 76, 1, '2014-06-27 00:00:00', 0, 0, 0),
('1791', '495', 77, 1, '2014-06-27 00:00:00', 0, 0, 0),
('1792', '495', 78, 1, '2014-06-27 00:00:00', 0, 0, 0),
('1793', '495', 68, 1, '2014-06-27 00:00:00', 0, 0, 0),
('1794', '855', 63, 1, '2014-06-27 00:00:00', 0, 0, 0),
('1795', '856', 37, 1, '2014-06-27 00:00:00', 0, 0, 0),
('1796', '636', 69, 1, '2014-06-27 00:00:00', 0, 0, 0),
('1797', '279', 51, 1, '2014-06-27 00:00:00', 0, 0, 0),
('1798', '857', 76, 1, '2014-06-27 00:00:00', 0, 0, 0),
('1799', '857', 77, 1, '2014-06-27 00:00:00', 0, 0, 0),
('1800', '857', 78, 1, '2014-06-27 00:00:00', 0, 0, 0),
('1801', '859', 76, 1, '2014-06-30 00:00:00', 0, 0, 0),
('1802', '859', 77, 1, '2014-06-30 00:00:00', 0, 0, 0),
('1803', '859', 78, 1, '2014-06-30 00:00:00', 0, 0, 0),
('1804', '549', 76, 1, '2014-06-30 00:00:00', 0, 0, 0),
('1805', '549', 77, 1, '2014-06-30 00:00:00', 0, 0, 0),
('1806', '549', 78, 1, '2014-06-30 00:00:00', 0, 0, 0),
('1807', '860', 51, 1, '2014-06-30 00:00:00', 0, 0, 0),
('1808', '721', 76, 1, '2014-06-30 00:00:00', 0, 0, 0),
('1809', '721', 77, 1, '2014-06-30 00:00:00', 0, 0, 0),
('1810', '721', 78, 1, '2014-06-30 00:00:00', 0, 0, 0),
('1811', '32', 75, 1, '2014-06-30 00:00:00', 0, 0, 0),
('1812', '302', 75, 1, '2014-06-30 00:00:00', 0, 0, 0),
('1813', '859', 75, 1, '2014-06-30 00:00:00', 0, 0, 0),
('1814', '861', 18, 1, '2014-06-30 00:00:00', 0, 0, 0),
('1815', '862', 70, 1, '2014-06-30 00:00:00', 0, 0, 0),
('1816', '863', 76, 1, '2014-06-30 00:00:00', 0, 0, 0),
('1817', '863', 77, 1, '2014-06-30 00:00:00', 0, 0, 0),
('1818', '863', 78, 1, '2014-06-30 00:00:00', 0, 0, 0),
('1819', '694', 76, 1, '2014-06-30 00:00:00', 0, 0, 0),
('1820', '694', 77, 1, '2014-06-30 00:00:00', 0, 0, 0),
('1821', '694', 78, 1, '2014-06-30 00:00:00', 0, 0, 0),
('1822', '577', 75, 1, '2014-06-30 00:00:00', 0, 0, 0),
('1823', '749', 76, 1, '2014-06-30 00:00:00', 0, 0, 0),
('1824', '749', 77, 1, '2014-06-30 00:00:00', 0, 0, 0),
('1825', '749', 78, 1, '2014-06-30 00:00:00', 0, 0, 0),
('1826', '864', 69, 1, '2014-06-30 00:00:00', 0, 0, 0),
('1827', '747', 76, 1, '2014-06-30 00:00:00', 0, 0, 0),
('1828', '747', 77, 1, '2014-06-30 00:00:00', 0, 0, 0),
('1829', '747', 78, 1, '2014-06-30 00:00:00', 0, 0, 0),
('1830', '465', 61, 1, '2014-06-30 00:00:00', 0, 0, 0),
('1831', '865', 76, 1, '2014-06-30 00:00:00', 0, 0, 0),
('1832', '865', 77, 1, '2014-06-30 00:00:00', 0, 0, 0),
('1833', '865', 78, 1, '2014-06-30 00:00:00', 0, 0, 0),
('1834', '866', 68, 1, '2014-06-30 00:00:00', 0, 0, 0),
('1835', '159', 76, 1, '2014-06-30 00:00:00', 0, 0, 0),
('1836', '159', 77, 1, '2014-06-30 00:00:00', 0, 0, 0),
('1837', '159', 78, 1, '2014-06-30 00:00:00', 0, 0, 0),
('1838', '496', 37, 1, '2014-06-30 00:00:00', 0, 0, 0),
('1839', '434', 76, 1, '2014-06-30 00:00:00', 0, 0, 0),
('1840', '434', 77, 1, '2014-06-30 00:00:00', 0, 0, 0),
('1841', '434', 78, 1, '2014-06-30 00:00:00', 0, 0, 0),
('1842', '296', 18, 1, '2014-06-30 00:00:00', 0, 0, 0),
('1843', '867', 68, 1, '2014-06-30 00:00:00', 0, 0, 0),
('1844', '867', 69, 1, '2014-06-30 00:00:00', 0, 0, 0),
('1845', '868', 76, 1, '2014-06-30 00:00:00', 0, 0, 0),
('1846', '868', 77, 1, '2014-06-30 00:00:00', 0, 0, 0),
('1847', '868', 78, 1, '2014-06-30 00:00:00', 0, 0, 0),
('1848', '324', 76, 1, '2014-06-30 00:00:00', 0, 0, 0),
('1849', '324', 77, 1, '2014-06-30 00:00:00', 0, 0, 0),
('1850', '324', 78, 1, '2014-06-30 00:00:00', 0, 0, 0),
('1851', '324', 68, 1, '2014-06-30 00:00:00', 0, 0, 0),
('1852', '182', 76, 1, '2014-06-30 00:00:00', 0, 0, 0),
('1853', '182', 77, 1, '2014-06-30 00:00:00', 0, 0, 0),
('1854', '182', 78, 1, '2014-06-30 00:00:00', 0, 0, 0),
('1855', '182', 68, 1, '2014-06-30 00:00:00', 0, 0, 0),
('1856', '869', 76, 1, '2014-06-30 00:00:00', 0, 0, 0),
('1857', '869', 77, 1, '2014-06-30 00:00:00', 0, 0, 0),
('1858', '869', 78, 1, '2014-06-30 00:00:00', 0, 0, 0),
('1859', '870', 75, 1, '2014-06-30 00:00:00', 0, 0, 0),
('1860', '327', 68, 1, '2014-06-30 00:00:00', 0, 0, 0),
('1861', '871', 69, 1, '2014-06-30 00:00:00', 0, 0, 0),
('1862', '872', 37, 1, '2014-06-30 00:00:00', 0, 0, 0),
('1863', '873', 37, 1, '2014-06-30 00:00:00', 0, 0, 0),
('1864', '874', 76, 1, '2014-06-30 00:00:00', 0, 0, 0),
('1865', '874', 77, 1, '2014-06-30 00:00:00', 0, 0, 0),
('1866', '874', 78, 1, '2014-06-30 00:00:00', 0, 0, 0),
('1867', '687', 76, 1, '2014-06-30 00:00:00', 0, 0, 0),
('1868', '687', 77, 1, '2014-06-30 00:00:00', 0, 0, 0),
('1869', '687', 78, 1, '2014-06-30 00:00:00', 0, 0, 0),
('1870', '550', 76, 1, '2014-06-30 00:00:00', 0, 0, 0),
('1871', '550', 77, 1, '2014-06-30 00:00:00', 0, 0, 0),
('1872', '550', 79, 1, '2014-06-30 00:00:00', 0, 0, 0),
('1873', '453', 76, 1, '2014-06-30 00:00:00', 0, 0, 0),
('1874', '453', 77, 1, '2014-06-30 00:00:00', 0, 0, 0),
('1875', '453', 78, 1, '2014-06-30 00:00:00', 0, 0, 0),
('1876', '875', 75, 1, '2014-06-30 00:00:00', 0, 0, 0),
('1877', '193', 37, 1, '2014-06-30 00:00:00', 0, 0, 0),
('1878', '193', 77, 1, '2014-06-30 00:00:00', 0, 0, 0),
('1879', '193', 78, 1, '2014-06-30 00:00:00', 0, 0, 0),
('1880', '451', 68, 1, '2014-06-30 00:00:00', 0, 0, 0),
('1881', '876', 69, 1, '2014-06-30 00:00:00', 0, 0, 0),
('1882', '877', 37, 1, '2014-06-30 00:00:00', 0, 0, 0),
('1883', '877', 77, 1, '2014-06-30 00:00:00', 0, 0, 0),
('1884', '877', 78, 1, '2014-06-30 00:00:00', 0, 0, 0),
('1885', '878', 63, 1, '2014-06-30 00:00:00', 0, 0, 0),
('1886', '374', 76, 1, '2014-06-30 00:00:00', 0, 0, 0),
('1887', '374', 77, 1, '2014-06-30 00:00:00', 0, 0, 0),
('1888', '374', 78, 1, '2014-06-30 00:00:00', 0, 0, 0),
('1889', '879', 65, 1, '2014-06-30 00:00:00', 0, 0, 0),
('1890', '880', 18, 1, '2014-06-30 00:00:00', 0, 0, 0),
('1891', '881', 37, 1, '2014-06-30 00:00:00', 0, 0, 0),
('1892', '777', 68, 1, '2014-06-30 00:00:00', 0, 0, 0);
INSERT INTO `community_members_opd_cases` (`rec_no`, `community_member_id`, `opd_case_id`, `cho_id`, `rec_date`, `server_rec_no`, `rec_state`, `lab`) VALUES
('1893', '882', 75, 1, '2014-06-30 00:00:00', 0, 0, 0),
('1894', '770', 76, 1, '2014-06-30 00:00:00', 0, 0, 0),
('1895', '770', 77, 1, '2014-06-30 00:00:00', 0, 0, 0),
('1896', '770', 78, 1, '2014-06-30 00:00:00', 0, 0, 0),
('1897', '642', 75, 1, '2014-06-30 00:00:00', 0, 0, 0),
('1898', '883', 18, 1, '2014-06-30 00:00:00', 0, 0, 0),
('1899', '801', 76, 1, '2014-06-30 00:00:00', 0, 0, 0),
('1900', '801', 77, 1, '2014-06-30 00:00:00', 0, 0, 0),
('1901', '801', 78, 1, '2014-06-30 00:00:00', 0, 0, 0),
('1902', '37', 6, 1, '2014-08-20 00:00:00', 0, 0, 0),
('1903', '36', 10, 1, '2014-08-20 00:00:00', 0, 0, 0),
('1904', '36', 16, 1, '2014-08-20 00:00:00', 0, 0, 0);

-- --------------------------------------------------------

--
-- Table structure for table `dataversion`
--

CREATE TABLE IF NOT EXISTS `dataversion` (
  `version` int(11) NOT NULL,
  `dataname` text,
  PRIMARY KEY (`version`)
) ENGINE=MyISAM DEFAULT CHARSET=latin1;

--
-- Dumping data for table `dataversion`
--

INSERT INTO `dataversion` (`version`, `dataname`) VALUES
(0, 'dataversion'),
(4, 'mhealth'),
(5, 'mhealth'),
(6, 'mhealth');

-- --------------------------------------------------------

--
-- Table structure for table `health_promotion`
--

CREATE TABLE IF NOT EXISTS `health_promotion` (
  `rec_no` varchar(30) NOT NULL,
  `date` date DEFAULT NULL,
  `venue` varchar(30) DEFAULT NULL,
  `health_promotion_topic_category_id` int(11) NOT NULL,
  `topic` varchar(255) DEFAULT NULL,
  `health_promotion_method_id` int(11) DEFAULT NULL,
  `target_audience` text,
  `number_of_audience` int(11) DEFAULT NULL,
  `remarks` text,
  `month_id` int(11) DEFAULT NULL,
  `latitude` text,
  `longitude` text,
  `image` varchar(30) DEFAULT NULL,
  `cho_id` int(11) DEFAULT NULL,
  `subdistrict_id` int(11) DEFAULT NULL,
  PRIMARY KEY (`rec_no`)
) ENGINE=MyISAM DEFAULT CHARSET=latin1;

-- --------------------------------------------------------

--
-- Table structure for table `health_promotion_methods`
--

CREATE TABLE IF NOT EXISTS `health_promotion_methods` (
  `health_promotion_method_id` int(11) NOT NULL AUTO_INCREMENT,
  `health_promotion_method` varchar(30) NOT NULL,
  PRIMARY KEY (`health_promotion_method_id`)
) ENGINE=MyISAM  DEFAULT CHARSET=latin1 AUTO_INCREMENT=4 ;

--
-- Dumping data for table `health_promotion_methods`
--

INSERT INTO `health_promotion_methods` (`health_promotion_method_id`, `health_promotion_method`) VALUES
(1, 'Lecture'),
(2, 'Discussion'),
(3, 'Video');

-- --------------------------------------------------------

--
-- Table structure for table `health_promotion_topic_categories`
--

CREATE TABLE IF NOT EXISTS `health_promotion_topic_categories` (
  `health_promotion_topic_category_id` int(11) NOT NULL AUTO_INCREMENT,
  `health_promotion_topic_category` varchar(30) NOT NULL,
  PRIMARY KEY (`health_promotion_topic_category_id`)
) ENGINE=MyISAM  DEFAULT CHARSET=latin1 AUTO_INCREMENT=2 ;

--
-- Dumping data for table `health_promotion_topic_categories`
--

INSERT INTO `health_promotion_topic_categories` (`health_promotion_topic_category_id`, `health_promotion_topic_category`) VALUES
(1, 'Topic Category 1');

-- --------------------------------------------------------

--
-- Table structure for table `migrations`
--

CREATE TABLE IF NOT EXISTS `migrations` (
  `migration` varchar(255) COLLATE utf8_unicode_ci NOT NULL,
  `batch` int(11) NOT NULL
) ENGINE=InnoDB DEFAULT CHARSET=utf8 COLLATE=utf8_unicode_ci;

--
-- Dumping data for table `migrations`
--

INSERT INTO `migrations` (`migration`, `batch`) VALUES
('2014_07_24_091323_create_users_table', 1),
('2014_07_24_101608_create_android_metadata_table', 0),
('2014_07_24_101608_create_answers_table', 0),
('2014_07_24_101608_create_chos_table', 0),
('2014_07_24_101608_create_communities_table', 0),
('2014_07_24_101608_create_community_members_opd_cases_table', 0),
('2014_07_24_101608_create_comunity_members_table', 0),
('2014_07_24_101608_create_dataversion_table', 0),
('2014_07_24_101608_create_health_promotion_table', 0),
('2014_07_24_101608_create_health_promotion_methods_table', 0),
('2014_07_24_101608_create_health_promotion_topic_categories_table', 0),
('2014_07_24_101608_create_months_table', 0),
('2014_07_24_101608_create_opd_case_categories_table', 0),
('2014_07_24_101608_create_opd_cases_table', 0),
('2014_07_24_101608_create_questions_table', 0),
('2014_07_24_101608_create_rec_states_table', 0),
('2014_07_24_101608_create_resource_categories_table', 0),
('2014_07_24_101608_create_resource_links_table', 0),
('2014_07_24_101608_create_resource_materials_table', 0),
('2014_07_24_101608_create_subdistricts_table', 0),
('2014_07_24_101608_create_userlevelpermissions_table', 0),
('2014_07_24_101608_create_userlevels_table', 0),
('2014_07_24_101608_create_users_table', 0),
('2014_07_24_101608_create_vaccine_records_table', 0),
('2014_07_24_101608_create_vaccines_table', 0);

-- --------------------------------------------------------

--
-- Table structure for table `months`
--

CREATE TABLE IF NOT EXISTS `months` (
  `month_id` int(11) NOT NULL AUTO_INCREMENT,
  `month` varchar(30) NOT NULL,
  PRIMARY KEY (`month_id`)
) ENGINE=MyISAM  DEFAULT CHARSET=latin1 AUTO_INCREMENT=13 ;

--
-- Dumping data for table `months`
--

INSERT INTO `months` (`month_id`, `month`) VALUES
(1, 'Jan'),
(2, 'Feb'),
(3, 'Mar'),
(4, 'Apr'),
(5, 'May'),
(6, 'Jun'),
(7, 'Jul'),
(8, 'Aug'),
(9, 'Sept'),
(10, 'Oct'),
(11, 'Nov'),
(12, 'Dec');

-- --------------------------------------------------------

--
-- Table structure for table `opd_cases`
--

CREATE TABLE IF NOT EXISTS `opd_cases` (
  `opd_case_id` int(11) NOT NULL,
  `opd_case_name` text,
  `opd_case_category` int(11) DEFAULT NULL,
  PRIMARY KEY (`opd_case_id`)
) ENGINE=MyISAM DEFAULT CHARSET=latin1;

--
-- Dumping data for table `opd_cases`
--

INSERT INTO `opd_cases` (`opd_case_id`, `opd_case_name`, `opd_case_category`) VALUES
(1, 'AFP(Polio)', 1),
(2, 'Meningilis', 1),
(3, 'Neo-natal Tetanus', 1),
(4, 'Pertussis (Whooping Cough)', 1),
(5, 'Diphtheria', 1),
(6, 'Measles', 1),
(7, 'Yellow Feaver(YF)', 1),
(8, 'Tetanus', 1),
(9, 'Tuberculosis', 1),
(10, 'U Malaria Lab', 2),
(11, 'U Malaria Non Lab', 2),
(12, 'Severe Malaria Lab', 2),
(13, 'Severe Malaria Non-Lab', 2),
(14, 'Malaria in Pregnancy Lab', 2),
(15, 'Malaria in Pregnancy (Non-Lab)', 2),
(16, 'Typhoid Fever', 2),
(17, 'Choleara', 2),
(18, 'Diarrhoea Diseases', 2),
(19, 'Viral Hepatities', 2),
(20, 'Schistosomiasis (Bilharzia)', 2),
(21, 'Guinea Worm', 2),
(22, 'Onchocerciasis', 2),
(23, 'Burulic Ulcer', 2),
(24, 'Leprosy', 2),
(25, 'Infectious Yaws', 2),
(26, 'HIV/AIDS related conditions', 2),
(27, 'Mumps', 2),
(28, 'Intestinal Worms', 2),
(29, 'Chicken Pox', 2),
(30, 'Septicaemia', 2),
(31, 'Malnutrition', 3),
(32, 'Anaemia', 3),
(33, 'Other Nutritional Diseases', 3),
(34, 'Hypertension', 3),
(35, 'Caridiac Diseases', 3),
(36, 'Diabetes Mellitus', 3),
(37, 'Rheumatism & Other Joint Pain', 3),
(38, 'Asthme', 3),
(39, 'Sickle Cell Diasese', 3),
(40, 'Acute Psychosis', 4),
(41, 'Substance Abuse', 4),
(42, 'Epilepsy', 4),
(43, 'Neurosis', 4),
(44, 'Acute Eye Infection', 5),
(45, 'Cataract', 5),
(46, 'Trachoma', 5),
(47, 'Acute Ear Infection', 5),
(48, 'Dental Caries', 5),
(49, 'Other Oral Infection', 5),
(50, 'Liver Diseases', 5),
(51, 'Acute Urinary Tract Infection', 5),
(52, 'Kidney Related Diseases', 6),
(53, 'Gynecological Condition', 6),
(54, 'Pregnancy Related Complication', 6),
(55, 'Anaemia in Pergnancy', 6),
(56, 'Gonorrhea', 7),
(57, 'Genital Ulcer', 7),
(58, 'Vaginal Discharge', 7),
(59, 'Urethral Discharge', 7),
(60, 'Other Dis of the Male Rep Sys', 7),
(61, 'Other Dis of the Female Rep Sys', 7),
(62, 'Road Traffic Accidents', 8),
(63, 'Home Accidents and Injuries', 8),
(64, 'Home Poisonings', 8),
(65, 'Occupational Injuries', 8),
(66, 'Occupational Poisoning', 8),
(67, 'Pneumonia', 9),
(68, 'Acute RTI', 9),
(69, 'Skin Diseases & Ulcers', 9),
(70, 'Snake Bite', 9),
(71, 'Other Animal Bites', 9),
(72, 'PUO (not Malaria)', 9),
(73, 'Sexual Abuse', 9),
(74, 'Domestic Voilence', 9),
(75, 'All Other Diseases', 9);

-- --------------------------------------------------------

--
-- Table structure for table `opd_case_categories`
--

CREATE TABLE IF NOT EXISTS `opd_case_categories` (
  `opd_case_category_id` int(11) NOT NULL AUTO_INCREMENT,
  `opd_case_category` varchar(30) NOT NULL,
  PRIMARY KEY (`opd_case_category_id`)
) ENGINE=MyISAM  DEFAULT CHARSET=latin1 AUTO_INCREMENT=3 ;

--
-- Dumping data for table `opd_case_categories`
--

INSERT INTO `opd_case_categories` (`opd_case_category_id`, `opd_case_category`) VALUES
(1, 'OPD Case category 1'),
(2, 'OPD Case category 2');

-- --------------------------------------------------------

--
-- Table structure for table `questions`
--

CREATE TABLE IF NOT EXISTS `questions` (
  `q_id` varchar(30) NOT NULL,
  `q_content` text,
  `category_id` int(11) DEFAULT NULL,
  `cho_id` int(11) DEFAULT NULL,
  `question_date` datetime DEFAULT NULL,
  `guid` varchar(36) DEFAULT NULL,
  `rec_state` int(11) DEFAULT NULL,
  PRIMARY KEY (`q_id`),
  UNIQUE KEY `guid` (`guid`),
  KEY `category_id` (`category_id`),
  KEY `cho_id` (`cho_id`)
) ENGINE=MyISAM DEFAULT CHARSET=latin1;

-- --------------------------------------------------------

--
-- Table structure for table `rec_states`
--

CREATE TABLE IF NOT EXISTS `rec_states` (
  `rec_state_id` int(11) NOT NULL AUTO_INCREMENT,
  `rec_state` varchar(30) NOT NULL,
  PRIMARY KEY (`rec_state_id`)
) ENGINE=MyISAM  DEFAULT CHARSET=latin1 AUTO_INCREMENT=3 ;

--
-- Dumping data for table `rec_states`
--

INSERT INTO `rec_states` (`rec_state_id`, `rec_state`) VALUES
(1, 'Dirty'),
(2, 'Deleted');

-- --------------------------------------------------------

--
-- Table structure for table `resource_categories`
--

CREATE TABLE IF NOT EXISTS `resource_categories` (
  `resource_category_id` int(11) NOT NULL,
  `resource_category_name` varchar(30) DEFAULT NULL,
  PRIMARY KEY (`resource_category_id`)
) ENGINE=MyISAM DEFAULT CHARSET=latin1;

--
-- Dumping data for table `resource_categories`
--

INSERT INTO `resource_categories` (`resource_category_id`, `resource_category_name`) VALUES
(1, 'Nutrition'),
(2, 'Pharmaceuticals'),
(3, 'Administration'),
(4, 'Diagnosis and Treatement'),
(5, 'Childcare'),
(6, 'General');

-- --------------------------------------------------------

--
-- Table structure for table `resource_links`
--

CREATE TABLE IF NOT EXISTS `resource_links` (
  `link_id` int(11) NOT NULL AUTO_INCREMENT,
  `answer_id` int(11) DEFAULT NULL,
  `link` text,
  PRIMARY KEY (`link_id`),
  KEY `answer_id` (`answer_id`)
) ENGINE=MyISAM DEFAULT CHARSET=latin1 AUTO_INCREMENT=1 ;

-- --------------------------------------------------------

--
-- Table structure for table `resource_materials`
--

CREATE TABLE IF NOT EXISTS `resource_materials` (
  `resource_id` int(11) NOT NULL AUTO_INCREMENT,
  `resource_type` int(11) DEFAULT NULL,
  `resource_category_id` int(11) DEFAULT NULL,
  `content` text,
  `description` text,
  `tag` varchar(30) DEFAULT NULL,
  PRIMARY KEY (`resource_id`),
  KEY `category_id` (`resource_category_id`)
) ENGINE=MyISAM DEFAULT CHARSET=latin1 AUTO_INCREMENT=1 ;

-- --------------------------------------------------------

--
-- Table structure for table `subdistricts`
--

CREATE TABLE IF NOT EXISTS `subdistricts` (
  `subdistrict_id` int(11) NOT NULL AUTO_INCREMENT,
  `subdistrict` varchar(30) NOT NULL,
  PRIMARY KEY (`subdistrict_id`)
) ENGINE=MyISAM  DEFAULT CHARSET=latin1 AUTO_INCREMENT=3 ;

--
-- Dumping data for table `subdistricts`
--

INSERT INTO `subdistricts` (`subdistrict_id`, `subdistrict`) VALUES
(1, 'Subdistrict1'),
(2, 'Subdistrict2');

-- --------------------------------------------------------

--
-- Table structure for table `userlevelpermissions`
--

CREATE TABLE IF NOT EXISTS `userlevelpermissions` (
  `userlevelid` int(11) NOT NULL,
  `tablename` varchar(255) NOT NULL,
  `permission` int(11) NOT NULL,
  PRIMARY KEY (`userlevelid`,`tablename`)
) ENGINE=MyISAM DEFAULT CHARSET=latin1;

--
-- Dumping data for table `userlevelpermissions`
--

INSERT INTO `userlevelpermissions` (`userlevelid`, `tablename`, `permission`) VALUES
(2, '{E159C8E4-22A6-47E4-8B52-99F717C03BCB}android_metadata', 109),
(2, '{E159C8E4-22A6-47E4-8B52-99F717C03BCB}answers', 109),
(2, '{E159C8E4-22A6-47E4-8B52-99F717C03BCB}chos', 109),
(2, '{E159C8E4-22A6-47E4-8B52-99F717C03BCB}communities', 109),
(2, '{E159C8E4-22A6-47E4-8B52-99F717C03BCB}community_members_opd_cases', 109),
(2, '{E159C8E4-22A6-47E4-8B52-99F717C03BCB}comunity_members', 109),
(2, '{E159C8E4-22A6-47E4-8B52-99F717C03BCB}dataversion', 109),
(2, '{E159C8E4-22A6-47E4-8B52-99F717C03BCB}health_promotion', 109),
(2, '{E159C8E4-22A6-47E4-8B52-99F717C03BCB}health_promotion_methods', 109),
(2, '{E159C8E4-22A6-47E4-8B52-99F717C03BCB}health_promotion_topic_categories', 109),
(2, '{E159C8E4-22A6-47E4-8B52-99F717C03BCB}months', 109),
(2, '{E159C8E4-22A6-47E4-8B52-99F717C03BCB}opd_case_categories', 109),
(2, '{E159C8E4-22A6-47E4-8B52-99F717C03BCB}opd_cases', 109),
(2, '{E159C8E4-22A6-47E4-8B52-99F717C03BCB}questions', 109),
(2, '{E159C8E4-22A6-47E4-8B52-99F717C03BCB}rec_states', 109),
(2, '{E159C8E4-22A6-47E4-8B52-99F717C03BCB}resource_categories', 109),
(2, '{E159C8E4-22A6-47E4-8B52-99F717C03BCB}resource_links', 109),
(2, '{E159C8E4-22A6-47E4-8B52-99F717C03BCB}resource_materials', 109),
(2, '{E159C8E4-22A6-47E4-8B52-99F717C03BCB}subdistricts', 109),
(2, '{E159C8E4-22A6-47E4-8B52-99F717C03BCB}vaccine_records', 109),
(2, '{E159C8E4-22A6-47E4-8B52-99F717C03BCB}vaccines', 109),
(2, '{E159C8E4-22A6-47E4-8B52-99F717C03BCB}view_community_member_opd_cases', 109),
(2, '{E159C8E4-22A6-47E4-8B52-99F717C03BCB}view_community_members', 109),
(2, '{E159C8E4-22A6-47E4-8B52-99F717C03BCB}view_pending_vaccines', 109),
(2, '{E159C8E4-22A6-47E4-8B52-99F717C03BCB}view_vaccine_records_detail', 109),
(2, '{E159C8E4-22A6-47E4-8B52-99F717C03BCB}userlevelpermissions', 109),
(2, '{E159C8E4-22A6-47E4-8B52-99F717C03BCB}userlevels', 109);

-- --------------------------------------------------------

--
-- Table structure for table `userlevels`
--

CREATE TABLE IF NOT EXISTS `userlevels` (
  `userlevelid` int(11) NOT NULL,
  `userlevelname` varchar(255) NOT NULL,
  PRIMARY KEY (`userlevelid`)
) ENGINE=MyISAM DEFAULT CHARSET=latin1;

--
-- Dumping data for table `userlevels`
--

INSERT INTO `userlevels` (`userlevelid`, `userlevelname`) VALUES
(-1, 'Administrator'),
(0, 'Default'),
(2, 'CHOs');

-- --------------------------------------------------------

--
-- Table structure for table `users`
--

CREATE TABLE IF NOT EXISTS `users` (
  `user_id` int(11) NOT NULL AUTO_INCREMENT,
  `username` varchar(30) NOT NULL,
  `password` text NOT NULL,
  `lastname` varchar(50) NOT NULL,
  `firstname` varchar(50) NOT NULL,
  `usertype` enum('ADMIN','CHO','DISTRICT','REGION','OTHERS') NOT NULL,
  `cho_id` int(11) NOT NULL,
  `remember_token` text,
  PRIMARY KEY (`user_id`)
) ENGINE=InnoDB  DEFAULT CHARSET=latin1 AUTO_INCREMENT=15 ;

--
-- Dumping data for table `users`
--

INSERT INTO `users` (`user_id`, `username`, `password`, `lastname`, `firstname`, `usertype`, `cho_id`, `remember_token`) VALUES
(2, 'adafla', '$2y$10$UC86QicXzbSGWFdBJ6xr/OYWMDwhXIogdxtSNoxfiypkJL1yvBOJ2', 'Dafla', 'Aelaf', 'ADMIN', 0, NULL),
(3, 'admin', '$2y$10$NKL1pm0Jg1uv4BJpD8K5AOCudQOdYB3zmbP5Us279kBgaqbao/umG', 'Admin', 'Admin', 'ADMIN', 0, 'yAmJWJ0k255RtUNOKy5pdX6hGah9wnDDSacJT8FdyMivMJlEaZ6AioNs6T6Y'),
(9, 'daniel.ankomah', '$2y$10$W8U4IbBR4szf2L4/uH4ptuKHZRrTIZkUDZqlTezME.iKDA8Rpnfs.', 'Ankomah', 'Daniel', 'ADMIN', 3, 'LdZ4KYV5HIUycaApW7nG9aPumIIDUyO7ot4zX6WImn8Q0tBPBpMvvRUlgRs3'),
(10, 'adaflaadmin', '239c70db3498c70f117ea19598ae2c50', 'Dafla', 'Aelaf', 'ADMIN', 0, NULL),
(11, 'albert', 'b9cfce029c101c22bac25b5ee74c99e8', 'Mensah-Ansah', 'Albert', 'ADMIN', 6, NULL),
(14, 'nathan', '$2y$10$KXk1napJv81xj/rVUj603ObIkMYeGqaEt8JlNfjIEPwN0aTADt4b6', '', '', 'ADMIN', 0, 'Yn5jLgDcEyrJiPEWWZCCRi3YMvkVYta9DCUTPwHXXiTtPfYHlfmtmDd91Uc9');

-- --------------------------------------------------------

--
-- Table structure for table `users_old`
--

CREATE TABLE IF NOT EXISTS `users_old` (
  `id` int(10) unsigned NOT NULL AUTO_INCREMENT,
  `username` varchar(255) COLLATE utf8_unicode_ci NOT NULL,
  `name` varchar(255) COLLATE utf8_unicode_ci NOT NULL,
  `created_at` timestamp NOT NULL DEFAULT '0000-00-00 00:00:00',
  `updated_at` timestamp NOT NULL DEFAULT '0000-00-00 00:00:00',
  `password` text COLLATE utf8_unicode_ci NOT NULL,
  `remember_token` text COLLATE utf8_unicode_ci,
  PRIMARY KEY (`id`),
  UNIQUE KEY `users_email_unique` (`username`)
) ENGINE=InnoDB  DEFAULT CHARSET=utf8 COLLATE=utf8_unicode_ci AUTO_INCREMENT=2 ;

--
-- Dumping data for table `users_old`
--

INSERT INTO `users_old` (`id`, `username`, `name`, `created_at`, `updated_at`, `password`, `remember_token`) VALUES
(1, 'nathan', '', '0000-00-00 00:00:00', '0000-00-00 00:00:00', '$2y$10$3RAT1mp9RTg/kjyTfvA4bO7sPQPTafAJHCDDPO1bVU5ukqniNpj0m', 'aw2oDVcEvMdhvqHMMTFCTdiknNJZ464gxOEXtJ4t3spzg96X93qHU83ednVC');

-- --------------------------------------------------------

--
-- Table structure for table `vaccines`
--

CREATE TABLE IF NOT EXISTS `vaccines` (
  `vaccine_id` int(11) NOT NULL,
  `vaccine_name` text,
  `vaccine_schedule` int(11) DEFAULT NULL,
  PRIMARY KEY (`vaccine_id`)
) ENGINE=MyISAM DEFAULT CHARSET=latin1;

--
-- Dumping data for table `vaccines`
--

INSERT INTO `vaccines` (`vaccine_id`, `vaccine_name`, `vaccine_schedule`) VALUES
(1, 'BCG', 0),
(2, 'OPV-0', 0),
(3, 'OPV-1', 42),
(4, 'DPT-HepB-Hib1', 42),
(5, 'Penumococcal 1', 42),
(6, 'Rotavirus-1', 42),
(7, 'OPV-2', 70),
(8, 'DPT-HepB-Hib 2', 70),
(9, 'Penumococcal 2', 70),
(10, 'Rotavirus 2', 70),
(11, 'OPV-3', 98),
(12, 'DPT-HepB-Hib-3', 98),
(13, 'Penumococcal 3', 98),
(14, 'Vitamin A (6month)', 180),
(15, 'Measles 1', 270),
(16, 'Yellow Fever', 270),
(17, 'Vitamin A (12month)', 365),
(18, 'Measles 2 ', 545),
(19, 'Vitamin A(18 month)', 545),
(20, 'Vitamin A', -1);

-- --------------------------------------------------------

--
-- Table structure for table `vaccine_records`
--

CREATE TABLE IF NOT EXISTS `vaccine_records` (
  `vaccine_rec_id` varchar(30) NOT NULL,
  `vaccine_id` int(11) DEFAULT NULL,
  `community_member_id` varchar(30) DEFAULT NULL,
  `vaccine_date` date DEFAULT NULL,
  `rec_state` int(11) DEFAULT NULL,
  PRIMARY KEY (`vaccine_rec_id`)
) ENGINE=MyISAM DEFAULT CHARSET=latin1;

--
-- Dumping data for table `vaccine_records`
--

INSERT INTO `vaccine_records` (`vaccine_rec_id`, `vaccine_id`, `community_member_id`, `vaccine_date`, `rec_state`) VALUES
('1', 15, '345', '2014-02-04', 0),
('2', 16, '345', '2014-02-04', 0),
('1406306361_1', 6, '1', '2014-01-20', NULL),
('1406306381_1', 20, '3', '2014-07-10', NULL),
('12345', 7, '7', '2014-08-01', NULL),
('3', 14, '347', '2014-02-04', 0),
('4', 11, '348', '2014-02-04', 0),
('5', 12, '348', '2014-02-04', 0),
('6', 13, '348', '2014-02-04', 0),
('7', 15, '349', '2014-02-04', 0),
('8', 16, '349', '2014-02-04', 0),
('9', 7, '350', '2014-02-10', 0),
('10', 8, '350', '2014-02-10', 0),
('11', 9, '350', '2014-02-10', 0),
('12', 10, '350', '2014-02-10', 0),
('13', 15, '351', '2014-02-10', 0),
('14', 16, '351', '2014-02-10', 0),
('15', 15, '352', '2014-02-10', 0),
('16', 16, '352', '2014-02-10', 0),
('17', 15, '353', '2014-02-10', 0),
('18', 16, '353', '2014-02-10', 0),
('19', 3, '354', '2014-02-10', 0),
('20', 4, '354', '2014-02-10', 0),
('21', 5, '354', '2014-02-10', 0),
('22', 6, '354', '2014-02-10', 0),
('23', 7, '355', '2014-02-10', 0),
('24', 8, '355', '2014-02-10', 0),
('25', 9, '355', '2014-02-10', 0),
('26', 10, '355', '2014-02-10', 0),
('27', 3, '356', '2014-02-10', 0),
('28', 4, '356', '2014-02-10', 0),
('29', 5, '356', '2014-02-10', 0),
('30', 6, '356', '2014-02-10', 0),
('31', 18, '357', '2014-02-10', 0),
('32', 19, '358', '2014-02-10', 0),
('33', 20, '359', '2014-02-10', 0),
('34', 18, '360', '2014-02-10', 0),
('35', 8, '371', '2014-02-11', 0),
('36', 9, '371', '2014-02-11', 0),
('37', 10, '371', '2014-02-11', 0),
('38', 7, '371', '2014-02-11', 0),
('39', 7, '372', '2014-02-11', 0),
('40', 8, '372', '2014-02-11', 0),
('41', 9, '372', '2014-02-11', 0),
('42', 10, '372', '2014-02-11', 0),
('43', 14, '373', '2014-02-11', 0),
('46', 7, '375', '2014-02-11', 0),
('47', 8, '375', '2014-02-11', 0),
('48', 9, '375', '2014-02-11', 0),
('49', 10, '375', '2014-02-11', 0),
('50', 1, '376', '2014-02-11', 0),
('51', 2, '376', '2014-02-11', 0),
('52', 1, '356', '2014-02-10', 0),
('53', 2, '377', '2014-02-16', 0),
('54', 7, '378', '2014-02-18', 0),
('55', 8, '378', '2014-02-18', 0),
('56', 9, '378', '2014-02-18', 0),
('57', 10, '378', '2014-02-18', 0),
('58', 17, '379', '2014-02-18', 0),
('59', 17, '380', '2014-02-18', 0),
('60', 3, '381', '2014-02-18', 0),
('61', 4, '381', '2014-02-18', 0),
('62', 5, '381', '2014-02-18', 0),
('63', 6, '381', '2014-02-18', 0),
('64', 3, '382', '2014-02-18', 0),
('65', 4, '382', '2014-02-18', 0),
('66', 5, '382', '2014-02-18', 0),
('67', 6, '382', '2014-02-18', 0),
('68', 1, '382', '2014-01-07', 0),
('69', 2, '382', '2014-01-07', 0),
('70', 1, '381', '2014-01-07', 0),
('71', 2, '381', '2014-01-07', 0),
('72', 6, '371', '2014-01-14', 0),
('73', 5, '371', '2014-01-14', 0),
('74', 4, '371', '2014-01-14', 0),
('75', 3, '371', '2014-01-14', 0),
('76', 3, '372', '2014-01-14', 0),
('77', 4, '372', '2014-01-14', 0),
('78', 5, '372', '2014-01-14', 0),
('79', 6, '372', '2014-01-14', 0),
('81', 4, '383', '2014-01-14', 0),
('82', 3, '383', '2014-01-14', 0),
('83', 5, '383', '2014-01-14', 0),
('84', 6, '383', '2014-01-14', 0),
('85', 7, '383', '2014-02-11', 0),
('86', 8, '383', '2014-02-11', 0),
('87', 9, '383', '2014-02-11', 0),
('88', 10, '383', '2014-02-11', 0),
('89', 14, '384', '2014-02-18', 0),
('90', 3, '378', '2014-01-21', 0),
('91', 4, '378', '2014-01-21', 0),
('92', 5, '378', '2014-01-21', 0),
('93', 6, '378', '2014-01-21', 0),
('94', 14, '385', '2014-02-18', 0),
('95', 14, '386', '2014-02-18', 0),
('96', 1, '387', '2014-01-28', 0),
('97', 2, '387', '2014-01-28', 0),
('98', 3, '388', '2014-02-18', 0),
('99', 4, '388', '2014-02-18', 0),
('100', 5, '388', '2014-02-18', 0),
('101', 6, '388', '2014-02-18', 0),
('102', 3, '389', '2014-02-18', 0),
('103', 4, '389', '2014-02-18', 0),
('104', 5, '389', '2014-02-18', 0),
('105', 6, '389', '2014-02-18', 0),
('106', 14, '390', '2013-02-18', 0),
('107', 1, '401', '2014-01-28', 0),
('108', 3, '401', '2014-02-25', 0),
('109', 4, '401', '2014-02-25', 0),
('110', 5, '401', '2014-02-25', 0),
('111', 6, '401', '2014-02-25', 0),
('112', 3, '402', '2014-01-28', 0),
('113', 4, '402', '2014-01-28', 0),
('114', 5, '402', '2014-01-28', 0),
('115', 6, '402', '2014-01-28', 0),
('116', 7, '402', '2014-02-25', 0),
('118', 8, '402', '2014-02-25', 0),
('119', 7, '403', '2014-01-28', 0),
('120', 8, '403', '2014-01-28', 0),
('121', 9, '403', '2014-01-28', 0),
('122', 10, '403', '2014-01-28', 0),
('124', 12, '403', '2014-02-24', 0),
('126', 7, '405', '2014-01-28', 0),
('127', 8, '405', '2014-01-28', 0),
('128', 9, '405', '2014-01-28', 0),
('129', 10, '405', '2014-01-28', 0),
('130', 11, '405', '2014-02-25', 0),
('131', 12, '405', '2014-02-25', 0),
('132', 13, '405', '2014-02-25', 0),
('133', 13, '403', '2014-02-25', 0),
('134', 11, '403', '2014-02-25', 0),
('135', 3, '404', '2014-01-28', 0),
('136', 4, '404', '2014-01-28', 0),
('137', 5, '404', '2014-01-28', 0),
('138', 6, '404', '2014-01-28', 0),
('139', 7, '404', '2014-02-25', 0),
('140', 8, '404', '2014-02-25', 0),
('141', 9, '404', '2014-02-25', 0),
('142', 10, '404', '2014-02-25', 0),
('143', 3, '406', '2014-01-28', 0),
('144', 4, '406', '2014-01-28', 0),
('145', 5, '406', '2014-01-28', 0),
('146', 6, '406', '2014-01-28', 0),
('147', 7, '406', '2014-02-25', 0),
('148', 8, '406', '2014-02-25', 0),
('149', 9, '406', '2014-02-25', 0),
('150', 10, '406', '2014-02-25', 0),
('151', 1, '407', '2014-01-28', 0),
('153', 4, '407', '2014-02-25', 0),
('154', 5, '407', '2014-02-25', 0),
('155', 3, '407', '2014-02-25', 0),
('156', 6, '407', '2014-02-25', 0),
('161', 3, '409', '2014-01-28', 0),
('162', 4, '409', '2014-01-28', 0),
('163', 6, '409', '2014-01-28', 0),
('164', 5, '409', '2014-01-28', 0),
('165', 10, '402', '2014-02-25', 0),
('166', 9, '402', '2014-02-25', 0),
('167', 19, '410', '2014-02-25', 0),
('168', 1, '411', '2014-02-25', 0),
('169', 2, '411', '2014-02-16', 0),
('170', 14, '412', '2014-02-25', 0),
('171', 17, '413', '2014-02-25', 0),
('172', 17, '414', '2014-02-18', 0),
('173', 20, '415', '2014-02-25', 0),
('174', 17, '416', '2014-02-18', 0),
('175', 19, '285', '2014-03-04', 0),
('176', 20, '479', '2014-03-10', 0),
('177', 17, '480', '2014-03-04', 0),
('178', 18, '481', '2014-03-10', 0),
('179', 18, '482', '2014-03-10', 0),
('180', 20, '483', '2014-03-10', 0),
('181', 17, '484', '2014-03-10', 0),
('182', 15, '484', '2014-03-10', 0),
('183', 16, '484', '2014-03-10', 0),
('184', 19, '485', '2014-03-10', 0),
('185', 11, '350', '2014-03-10', 0),
('186', 12, '350', '2014-03-10', 0),
('187', 13, '350', '2014-03-10', 0),
('188', 17, '486', '2014-03-10', 0),
('189', 14, '487', '2014-03-10', 0),
('190', 11, '355', '2014-03-10', 0),
('191', 12, '355', '2014-03-10', 0),
('192', 13, '355', '2014-03-10', 0),
('193', 7, '356', '2014-03-10', 0),
('194', 8, '356', '2014-03-10', 0),
('195', 9, '356', '2014-03-10', 0),
('196', 10, '356', '2014-03-10', 0),
('197', 7, '488', '2014-03-10', 0),
('198', 8, '488', '2014-03-10', 0),
('199', 9, '488', '2014-03-10', 0),
('200', 10, '488', '2014-03-10', 0),
('201', 15, '504', '2014-03-04', 0),
('202', 16, '504', '2014-03-04', 0),
('203', 16, '505', '2014-03-04', 0),
('204', 15, '505', '2014-03-04', 0),
('205', 11, '371', '2014-03-11', 0),
('206', 12, '371', '2014-03-11', 0),
('207', 13, '371', '2014-03-11', 0),
('208', 7, '506', '2014-02-11', 0),
('209', 8, '506', '2014-02-11', 0),
('210', 9, '506', '2014-02-11', 0),
('211', 10, '506', '2014-02-11', 0),
('212', 11, '506', '2014-03-11', 0),
('213', 12, '506', '2014-03-11', 0),
('214', 13, '506', '2014-03-11', 0),
('215', 15, '507', '2014-03-11', 0),
('216', 16, '507', '2014-03-11', 0),
('217', 3, '508', '2014-01-28', 0),
('218', 4, '508', '2014-01-28', 0),
('219', 5, '508', '2014-01-28', 0),
('220', 6, '508', '2014-01-28', 0),
('221', 7, '508', '2014-03-11', 0),
('222', 8, '508', '2014-03-11', 0),
('223', 9, '508', '2014-03-11', 0),
('224', 10, '508', '2014-03-11', 0),
('225', 1, '408', '2014-01-21', 0),
('227', 4, '408', '2014-03-11', 0),
('228', 5, '408', '2014-03-11', 0),
('229', 6, '408', '2014-03-11', 0),
('230', 3, '408', '2014-03-11', 0),
('231', 7, '409', '2014-03-11', 0),
('232', 8, '409', '2014-03-11', 0),
('233', 9, '409', '2014-03-11', 0),
('234', 10, '409', '2014-03-11', 0),
('235', 15, '509', '2014-03-11', 0),
('236', 16, '509', '2014-03-11', 0),
('237', 15, '510', '2014-03-11', 0),
('238', 16, '510', '2014-03-11', 0),
('239', 7, '381', '2014-03-18', 0),
('240', 8, '381', '2014-03-18', 0),
('241', 9, '381', '2014-03-18', 0),
('242', 10, '381', '2014-03-18', 0),
('243', 20, '527', '2014-03-18', 0),
('244', 11, '378', '2014-03-18', 0),
('245', 12, '378', '2014-03-18', 0),
('246', 13, '378', '2014-03-18', 0),
('247', 14, '528', '2014-03-18', 0),
('248', 7, '382', '2014-03-18', 0),
('249', 8, '382', '2014-03-18', 0),
('250', 9, '382', '2014-03-18', 0),
('251', 10, '382', '2014-03-18', 0),
('252', 15, '529', '2014-03-18', 0),
('253', 16, '529', '2014-03-18', 0),
('254', 16, '530', '2014-03-18', 0),
('255', 15, '530', '2014-03-18', 0),
('256', 14, '530', '2013-01-08', 0),
('257', 20, '531', '2014-03-20', 0),
('258', 11, '532', '2014-01-07', 0),
('259', 12, '532', '2014-01-07', 0),
('260', 13, '532', '2014-01-07', 0),
('261', 14, '532', '2014-03-25', 0),
('262', 7, '388', '2014-03-18', 0),
('263', 8, '388', '2014-03-18', 0),
('264', 9, '388', '2014-03-18', 0),
('265', 10, '388', '2014-03-18', 0),
('266', 7, '389', '2014-03-18', 0),
('267', 8, '389', '2014-03-18', 0),
('268', 9, '389', '2014-03-18', 0),
('269', 10, '389', '2014-03-18', 0),
('270', 17, '533', '2014-03-18', 0),
('271', 18, '425', '2014-03-18', 0),
('273', 18, '208', '2014-03-18', 0),
('274', 18, '534', '2014-03-18', 0),
('275', 20, '227', '2014-03-20', 0),
('276', 3, '535', '2014-03-25', 0),
('277', 4, '535', '2014-03-25', 0),
('278', 5, '535', '2014-03-25', 0),
('279', 6, '535', '2014-03-25', 0),
('280', 11, '383', '2014-03-25', 0),
('281', 12, '383', '2014-03-25', 0),
('282', 13, '383', '2014-03-25', 0),
('283', 7, '401', '2014-03-25', 0),
('284', 8, '401', '2014-03-25', 0),
('285', 9, '401', '2014-03-25', 0),
('286', 10, '401', '2014-03-25', 0),
('287', 15, '536', '2014-03-25', 0),
('288', 16, '536', '2014-03-25', 0),
('289', 11, '402', '2014-03-25', 0),
('290', 12, '402', '2014-03-25', 0),
('291', 13, '402', '2014-03-25', 0),
('292', 14, '537', '2014-03-25', 0),
('293', 11, '404', '2014-03-25', 0),
('294', 12, '404', '2014-03-25', 0),
('295', 13, '404', '2014-03-25', 0),
('296', 11, '406', '2014-03-25', 0),
('297', 12, '406', '2014-03-25', 0),
('298', 13, '406', '2014-03-25', 0),
('299', 11, '375', '2015-03-25', 0),
('300', 12, '375', '2014-03-25', 0),
('301', 13, '375', '2014-03-25', 0),
('302', 14, '375', '2014-03-25', 0),
('303', 15, '538', '2014-03-25', 0),
('304', 16, '538', '2014-03-25', 0),
('305', 3, '539', '2014-03-25', 0),
('306', 4, '539', '2014-03-25', 0),
('307', 5, '539', '2014-03-25', 0),
('308', 6, '539', '2014-03-25', 0),
('309', 3, '376', '2014-03-25', 0),
('310', 4, '376', '2014-03-25', 0),
('311', 5, '376', '2014-03-25', 0),
('312', 6, '376', '2014-03-25', 0),
('313', 7, '539', '2014-03-25', 0),
('314', 8, '539', '2014-03-25', 0),
('315', 9, '539', '2014-03-25', 0),
('316', 10, '539', '2014-03-25', 0),
('317', 18, '137', '2014-03-25', 0),
('318', 18, '177', '2014-03-25', 0),
('319', 19, '177', '2014-03-31', 0),
('320', 18, '227', '2014-03-25', 0),
('321', 17, '592', '2014-04-01', 0),
('322', 15, '593', '2014-04-01', 0),
('323', 16, '593', '2014-04-01', 0),
('324', 4, '594', '2014-04-01', 0),
('325', 3, '594', '2014-04-01', 0),
('326', 5, '594', '2014-04-01', 0),
('327', 6, '594', '2014-04-01', 0),
('328', 4, '595', '2014-04-01', 0),
('329', 3, '595', '2014-04-01', 0),
('330', 5, '595', '2014-04-01', 0),
('331', 6, '595', '2014-04-01', 0),
('332', 3, '596', '2014-04-08', 0),
('333', 4, '596', '2014-04-08', 0),
('334', 5, '596', '2014-04-08', 0),
('335', 6, '596', '2014-04-08', 0),
('336', 3, '597', '2014-04-08', 0),
('337', 4, '597', '2014-04-08', 0),
('338', 5, '597', '2014-04-08', 0),
('339', 6, '597', '2014-04-08', 0),
('340', 7, '598', '2014-04-08', 0),
('341', 8, '598', '2014-04-08', 0),
('342', 9, '598', '2014-04-08', 0),
('343', 10, '598', '2014-04-08', 0),
('344', 1, '599', '2014-04-15', 0),
('345', 2, '599', '2014-04-05', 0),
('346', 1, '600', '2014-04-15', 0),
('347', 2, '600', '2014-04-15', 0),
('348', 1, '601', '2014-04-15', 0),
('349', 2, '601', '2014-04-08', 0),
('350', 14, '602', '2014-04-15', 0),
('351', 11, '356', '2014-04-14', 0),
('352', 12, '356', '2014-04-14', 0),
('353', 13, '356', '2014-04-14', 0),
('354', 15, '603', '2014-04-15', 0),
('355', 16, '603', '2014-04-15', 0),
('356', 11, '488', '2014-04-15', 0),
('357', 12, '488', '2014-04-15', 0),
('358', 13, '488', '2014-04-15', 0),
('359', 16, '604', '2014-04-15', 0),
('360', 15, '604', '2014-04-15', 0),
('361', 18, '605', '2014-04-14', 0),
('362', 18, '606', '2014-04-14', 0),
('363', 18, '607', '2014-04-14', 0),
('364', 18, '608', '2014-04-14', 0),
('365', 16, '609', '2014-04-15', 0),
('366', 15, '373', '2014-04-15', 0),
('367', 16, '373', '2014-04-15', 0),
('368', 17, '610', '2014-04-15', 0),
('369', 11, '409', '2014-04-15', 0),
('370', 12, '409', '2014-04-15', 0),
('371', 13, '409', '2014-04-15', 0),
('372', 7, '408', '2014-04-15', 0),
('373', 8, '408', '2014-04-15', 0),
('374', 9, '408', '2014-04-15', 0),
('375', 10, '408', '2014-04-15', 0),
('376', 11, '388', '2014-04-15', 0),
('377', 12, '388', '2014-04-15', 0),
('378', 13, '388', '2014-04-15', 0),
('379', 11, '389', '2014-04-15', 0),
('380', 12, '389', '2014-04-15', 0),
('381', 13, '389', '2014-04-15', 0),
('382', 15, '611', '2014-04-15', 0),
('383', 16, '611', '2014-04-15', 0),
('384', 3, '612', '2014-04-15', 0),
('385', 4, '612', '2014-04-15', 0),
('386', 5, '612', '2014-04-15', 0),
('387', 6, '612', '2014-04-15', 0),
('388', 2, '612', '2014-02-27', 0),
('389', 14, '613', '2014-04-15', 0),
('390', 15, '613', '2014-04-15', 0),
('391', 16, '613', '2014-04-15', 0),
('392', 1, '614', '2014-04-15', 0),
('393', 2, '614', '2014-04-08', 0),
('394', 2, '408', '2014-01-21', 0),
('395', 20, '188', '2014-04-17', 0),
('396', 19, '208', '2014-04-15', 0),
('397', 19, '425', '2014-04-15', 0),
('398', 19, '615', '2014-04-15', 0),
('399', 18, '480', '2014-04-15', 0),
('400', 17, '55', '2014-04-10', 0),
('401', 18, '295', '2014-04-10', 0),
('402', 18, '616', '2014-04-10', 0),
('403', 19, '616', '2014-04-10', 0),
('404', 7, '617', '2014-04-10', 0),
('405', 8, '617', '2014-04-10', 0),
('406', 9, '617', '2014-04-10', 0),
('407', 10, '617', '2014-04-10', 0),
('408', 14, '700', '2014-04-29', 0),
('409', 1, '701', '2014-04-29', 0),
('410', 2, '701', '2014-03-20', 0),
('411', 15, '550', '2014-04-29', 0),
('412', 16, '550', '2014-04-29', 0),
('413', 1, '702', '2014-04-29', 0),
('414', 2, '702', '2014-04-29', 0),
('415', 14, '703', '2014-04-29', 0),
('416', 15, '703', '2014-04-29', 0),
('417', 16, '703', '2014-04-29', 0),
('418', 3, '704', '2014-04-22', 0),
('419', 4, '704', '2014-04-22', 0),
('420', 5, '704', '2014-04-22', 0),
('421', 6, '704', '2014-04-22', 0),
('422', 15, '705', '2014-04-29', 0),
('423', 16, '705', '2014-04-29', 0),
('424', 11, '539', '2014-04-29', 0),
('425', 12, '539', '2014-04-29', 0),
('426', 13, '539', '2014-04-29', 0),
('427', 7, '535', '2014-04-29', 0),
('428', 8, '535', '2014-04-29', 0),
('429', 9, '535', '2014-04-29', 0),
('430', 10, '535', '2014-04-29', 0),
('431', 14, '200017', '2014-04-29', 0),
('432', 14, '706', '2014-04-29', 0),
('433', 11, '401', '2014-04-22', 0),
('434', 12, '401', '2014-04-22', 0),
('435', 13, '401', '2014-04-22', 0),
('436', 15, '707', '2014-04-29', 0),
('437', 16, '707', '2014-04-29', 0),
('438', 14, '708', '2014-04-29', 0),
('439', 16, '709', '2014-04-22', 0),
('440', 15, '709', '2014-04-22', 0),
('441', 16, '710', '2014-04-29', 0),
('442', 15, '710', '2014-04-29', 0),
('443', 17, '711', '2014-04-29', 0),
('444', 11, '382', '2014-04-29', 0),
('445', 12, '382', '2014-04-29', 0),
('446', 13, '382', '2014-04-29', 0),
('447', 11, '381', '2014-04-22', 0),
('448', 12, '381', '2014-04-22', 0),
('449', 13, '381', '2014-04-15', 0),
('450', 18, '413', '2014-04-29', 0),
('451', 20, '159', '2014-04-29', 0),
('452', 18, '533', '2014-04-29', 0),
('453', 18, '712', '2014-04-29', 0),
('454', 20, '769', '2014-05-18', 0),
('455', 15, '835', '2014-06-10', 0),
('456', 16, '835', '2014-06-10', 0),
('457', 15, '836', '2014-05-06', 0),
('458', 16, '836', '2014-05-06', 0),
('459', 17, '837', '2014-06-03', 0),
('460', 17, '529', '2014-06-03', 0),
('461', 12, '372', '2014-03-25', 0),
('462', 11, '372', '2014-03-25', 0),
('463', 13, '372', '2014-03-25', 0),
('464', 14, '372', '2014-06-03', 0),
('465', 17, '66', '2014-05-06', 0),
('466', 14, '383', '2014-06-17', 0),
('467', 1, '864', '2014-05-13', 0),
('468', 2, '864', '2014-05-13', 0),
('469', 3, '864', '2014-06-24', 0),
('470', 4, '864', '2014-06-24', 0),
('471', 5, '864', '2014-06-24', 0),
('472', 6, '864', '2014-06-24', 0),
('473', 1, '443', '1981-01-01', 0);

-- --------------------------------------------------------

--
-- Stand-in structure for view `view_community_members`
--
CREATE TABLE IF NOT EXISTS `view_community_members` (
`community_member_id` varchar(30)
,`community_id` int(11)
,`community_member_name` varchar(62)
,`gender` varchar(1)
,`birthdate` date
,`is_birthdate_confirmed` int(11)
,`card_no` varchar(30)
,`nhis_id` varchar(30)
,`nhis_expiry_date` date
,`rec_state` int(11)
,`age` decimal(10,4)
,`community_name` text
);
-- --------------------------------------------------------

--
-- Stand-in structure for view `view_community_member_opd_cases`
--
CREATE TABLE IF NOT EXISTS `view_community_member_opd_cases` (
`rec_no` varchar(30)
,`community_member_id` varchar(30)
,`opd_case_id` int(11)
,`cho_id` int(11)
,`rec_date` datetime
,`community_member_name` varchar(62)
,`rec_state` int(11)
,`birthdate` date
,`gender` varchar(1)
,`AGE` decimal(10,4)
,`opd_case_name` text
,`lab` tinyint(1)
);
-- --------------------------------------------------------

--
-- Stand-in structure for view `view_pending_vaccines`
--
CREATE TABLE IF NOT EXISTS `view_pending_vaccines` (
`community_member_id` varchar(30)
,`vaccine_id` int(11)
,`scheduled_on` bigint(12)
);
-- --------------------------------------------------------

--
-- Stand-in structure for view `view_vaccine_records_detail`
--
CREATE TABLE IF NOT EXISTS `view_vaccine_records_detail` (
`vaccine_rec_id` varchar(30)
,`community_member_id` varchar(30)
,`community_member_name` varchar(62)
,`vaccine_id` int(11)
,`vaccine_name` text
,`age_days` int(7)
,`age` bigint(10)
,`vaccine_date` date
,`birthdate` date
,`community_id` int(11)
);
-- --------------------------------------------------------

--
-- Structure for view `view_community_members`
--
DROP TABLE IF EXISTS `view_community_members`;

CREATE ALGORITHM=UNDEFINED DEFINER=`root`@`localhost` SQL SECURITY DEFINER VIEW `view_community_members` AS select `community_members`.`community_member_id` AS `community_member_id`,`community_members`.`community_id` AS `community_id`,concat(`community_members`.`community_member_surname`,', ',`community_members`.`community_member_other_names`) AS `community_member_name`,`community_members`.`gender` AS `gender`,`community_members`.`birthdate` AS `birthdate`,`community_members`.`is_birthdate_confirmed` AS `is_birthdate_confirmed`,`community_members`.`card_no` AS `card_no`,`community_members`.`nhis_id` AS `nhis_id`,`community_members`.`nhis_expiry_date` AS `nhis_expiry_date`,`community_members`.`rec_state` AS `rec_state`,((to_days(now()) - to_days(`community_members`.`birthdate`)) / 366) AS `age`,`communities`.`community_name` AS `community_name` from (`community_members` join `communities` on((`community_members`.`community_id` = `communities`.`community_id`)));

-- --------------------------------------------------------

--
-- Structure for view `view_community_member_opd_cases`
--
DROP TABLE IF EXISTS `view_community_member_opd_cases`;

CREATE ALGORITHM=UNDEFINED DEFINER=`root`@`localhost` SQL SECURITY DEFINER VIEW `view_community_member_opd_cases` AS select `community_members_opd_cases`.`rec_no` AS `rec_no`,`community_members_opd_cases`.`community_member_id` AS `community_member_id`,`community_members_opd_cases`.`opd_case_id` AS `opd_case_id`,`community_members_opd_cases`.`cho_id` AS `cho_id`,`community_members_opd_cases`.`rec_date` AS `rec_date`,concat(`community_members`.`community_member_surname`,', ',`community_members`.`community_member_other_names`) AS `community_member_name`,`community_members_opd_cases`.`rec_state` AS `rec_state`,`community_members`.`birthdate` AS `birthdate`,`community_members`.`gender` AS `gender`,((to_days(`community_members_opd_cases`.`rec_date`) - to_days(`community_members`.`birthdate`)) / 366) AS `AGE`,`opd_cases`.`opd_case_name` AS `opd_case_name`,`community_members_opd_cases`.`lab` AS `lab` from ((`community_members_opd_cases` left join `community_members` on((`community_members_opd_cases`.`community_member_id` = `community_members`.`community_member_id`))) left join `opd_cases` on((`community_members_opd_cases`.`opd_case_id` = `opd_cases`.`opd_case_id`)));

-- --------------------------------------------------------

--
-- Structure for view `view_pending_vaccines`
--
DROP TABLE IF EXISTS `view_pending_vaccines`;

CREATE ALGORITHM=UNDEFINED DEFINER=`root`@`localhost` SQL SECURITY DEFINER VIEW `view_pending_vaccines` AS select `community_members`.`community_member_id` AS `community_member_id`,`vaccines`.`vaccine_id` AS `vaccine_id`,((to_days(now()) - to_days(`community_members`.`birthdate`)) - `vaccines`.`vaccine_schedule`) AS `scheduled_on` from (`community_members` join `vaccines`) where (`vaccines`.`vaccine_schedule` >= 0);

-- --------------------------------------------------------

--
-- Structure for view `view_vaccine_records_detail`
--
DROP TABLE IF EXISTS `view_vaccine_records_detail`;

CREATE ALGORITHM=UNDEFINED DEFINER=`root`@`localhost` SQL SECURITY DEFINER VIEW `view_vaccine_records_detail` AS select `vaccine_records`.`vaccine_rec_id` AS `vaccine_rec_id`,`vaccine_records`.`community_member_id` AS `community_member_id`,concat(`community_members`.`community_member_surname`,', ',`community_members`.`community_member_other_names`) AS `community_member_name`,`vaccine_records`.`vaccine_id` AS `vaccine_id`,`vaccines`.`vaccine_name` AS `vaccine_name`,(to_days(`vaccine_records`.`vaccine_date`) - to_days(`community_members`.`birthdate`)) AS `age_days`,(`vaccine_records`.`vaccine_date` - `community_members`.`birthdate`) AS `age`,`vaccine_records`.`vaccine_date` AS `vaccine_date`,`community_members`.`birthdate` AS `birthdate`,`community_members`.`community_id` AS `community_id` from ((`vaccine_records` left join `community_members` on((`vaccine_records`.`community_member_id` = `community_members`.`community_member_id`))) left join `vaccines` on((`vaccine_records`.`vaccine_id` = `vaccines`.`vaccine_id`)));

/*!40101 SET CHARACTER_SET_CLIENT=@OLD_CHARACTER_SET_CLIENT */;
/*!40101 SET CHARACTER_SET_RESULTS=@OLD_CHARACTER_SET_RESULTS */;
/*!40101 SET COLLATION_CONNECTION=@OLD_COLLATION_CONNECTION */;
